"","nhtemp","wusa","jasper","westgreen","chesapeake","tornetrask","urals","mongolia","tasman","year"
"1000",NA,-0.66,-0.03,0.03,-0.66,0.33,-1.49,0.83,-0.12,1000
"1001",NA,-0.63,-0.07,0.09,-0.67,0.21,-1.44,0.96,-0.17,1001
"1002",NA,-0.6,-0.11,0.18,-0.67,0.13,-1.39,0.99,-0.22,1002
"1003",NA,-0.55,-0.14,0.3,-0.68,0.08,-1.34,0.95,-0.26,1003
"1004",NA,-0.51,-0.15,0.41,-0.68,0.06,-1.3,0.87,-0.31,1004
"1005",NA,-0.47,-0.15,0.52,-0.68,0.07,-1.25,0.77,-0.37,1005
"1006",NA,-0.43,-0.13,0.6,-0.69,0.09,-1.2,0.67,-0.45,1006
"1007",NA,-0.41,-0.07,0.64,-0.68,0.13,-1.16,0.61,-0.54,1007
"1008",NA,-0.4,0,0.65,-0.67,0.18,-1.11,0.56,-0.64,1008
"1009",NA,-0.39,0.09,0.63,-0.66,0.25,-1.07,0.54,-0.74,1009
"1010",NA,-0.39,0.19,0.6,-0.65,0.32,-1.02,0.53,-0.84,1010
"1011",NA,-0.38,0.29,0.56,-0.63,0.4,-0.98,0.53,-0.92,1011
"1012",NA,-0.37,0.38,0.52,-0.6,0.48,-0.94,0.53,-0.96,1012
"1013",NA,-0.35,0.47,0.49,-0.57,0.56,-0.9,0.53,-0.97,1013
"1014",NA,-0.32,0.55,0.48,-0.54,0.65,-0.87,0.52,-0.93,1014
"1015",NA,-0.27,0.6,0.47,-0.5,0.73,-0.83,0.5,-0.86,1015
"1016",NA,-0.23,0.65,0.47,-0.46,0.81,-0.79,0.48,-0.75,1016
"1017",NA,-0.19,0.68,0.47,-0.41,0.88,-0.76,0.45,-0.62,1017
"1018",NA,-0.15,0.7,0.44,-0.37,0.95,-0.73,0.42,-0.47,1018
"1019",NA,-0.12,0.71,0.4,-0.32,1.02,-0.69,0.4,-0.32,1019
"1020",NA,-0.11,0.71,0.33,-0.26,1.09,-0.66,0.37,-0.18,1020
"1021",NA,-0.11,0.71,0.21,-0.21,1.14,-0.62,0.35,-0.04,1021
"1022",NA,-0.13,0.7,0.08,-0.16,1.2,-0.59,0.34,0.08,1022
"1023",NA,-0.16,0.68,-0.08,-0.11,1.24,-0.55,0.33,0.18,1023
"1024",NA,-0.2,0.67,-0.24,-0.07,1.28,-0.52,0.31,0.26,1024
"1025",NA,-0.24,0.65,-0.4,-0.05,1.3,-0.49,0.3,0.31,1025
"1026",NA,-0.29,0.64,-0.54,-0.05,1.31,-0.45,0.29,0.33,1026
"1027",NA,-0.34,0.62,-0.66,-0.06,1.31,-0.42,0.27,0.31,1027
"1028",NA,-0.39,0.61,-0.74,-0.1,1.29,-0.39,0.25,0.25,1028
"1029",NA,-0.43,0.6,-0.79,-0.17,1.26,-0.37,0.22,0.17,1029
"1030",NA,-0.47,0.6,-0.8,-0.25,1.22,-0.34,0.18,0.07,1030
"1031",NA,-0.49,0.58,-0.78,-0.35,1.16,-0.32,0.14,-0.04,1031
"1032",NA,-0.51,0.57,-0.73,-0.46,1.08,-0.29,0.09,-0.15,1032
"1033",NA,-0.5,0.54,-0.65,-0.58,0.99,-0.27,0.03,-0.24,1033
"1034",NA,-0.48,0.51,-0.55,-0.7,0.89,-0.26,-0.04,-0.31,1034
"1035",NA,-0.44,0.46,-0.42,-0.82,0.78,-0.24,-0.11,-0.35,1035
"1036",NA,-0.39,0.41,-0.27,-0.93,0.67,-0.23,-0.2,-0.35,1036
"1037",NA,-0.34,0.35,-0.12,-1.04,0.55,-0.22,-0.27,-0.33,1037
"1038",NA,-0.28,0.29,0.03,-1.14,0.44,-0.21,-0.34,-0.3,1038
"1039",NA,-0.23,0.23,0.17,-1.23,0.34,-0.2,-0.38,-0.25,1039
"1040",NA,-0.2,0.18,0.29,-1.29,0.25,-0.19,-0.4,-0.2,1040
"1041",NA,-0.19,0.14,0.39,-1.33,0.19,-0.19,-0.38,-0.14,1041
"1042",NA,-0.21,0.12,0.45,-1.35,0.16,-0.18,-0.32,-0.09,1042
"1043",NA,-0.25,0.11,0.48,-1.35,0.16,-0.18,-0.23,-0.05,1043
"1044",NA,-0.31,0.11,0.48,-1.32,0.17,-0.17,-0.11,-0.02,1044
"1045",NA,-0.37,0.13,0.45,-1.28,0.18,-0.17,0.03,0,1045
"1046",NA,-0.43,0.15,0.41,-1.23,0.21,-0.17,0.17,0,1046
"1047",NA,-0.49,0.19,0.35,-1.17,0.23,-0.16,0.32,-0.02,1047
"1048",NA,-0.53,0.25,0.28,-1.1,0.23,-0.16,0.47,-0.06,1048
"1049",NA,-0.55,0.31,0.2,-1.02,0.23,-0.17,0.61,-0.13,1049
"1050",NA,-0.55,0.38,0.11,-0.95,0.21,-0.17,0.72,-0.21,1050
"1051",NA,-0.53,0.45,0.03,-0.88,0.2,-0.17,0.81,-0.31,1051
"1052",NA,-0.49,0.51,-0.06,-0.81,0.19,-0.18,0.87,-0.41,1052
"1053",NA,-0.44,0.57,-0.15,-0.76,0.19,-0.19,0.9,-0.51,1053
"1054",NA,-0.38,0.61,-0.24,-0.71,0.22,-0.2,0.87,-0.59,1054
"1055",NA,-0.31,0.64,-0.32,-0.69,0.28,-0.21,0.8,-0.65,1055
"1056",NA,-0.24,0.64,-0.4,-0.67,0.38,-0.22,0.67,-0.69,1056
"1057",NA,-0.16,0.63,-0.47,-0.68,0.49,-0.24,0.5,-0.7,1057
"1058",NA,-0.09,0.6,-0.52,-0.7,0.62,-0.25,0.3,-0.68,1058
"1059",NA,-0.03,0.55,-0.55,-0.74,0.75,-0.27,0.09,-0.65,1059
"1060",NA,0.01,0.5,-0.56,-0.79,0.86,-0.28,-0.12,-0.59,1060
"1061",NA,0.04,0.44,-0.55,-0.85,0.95,-0.3,-0.32,-0.51,1061
"1062",NA,0.04,0.38,-0.5,-0.92,0.98,-0.32,-0.5,-0.42,1062
"1063",NA,0.01,0.33,-0.42,-1,0.97,-0.33,-0.63,-0.31,1063
"1064",NA,-0.04,0.28,-0.32,-1.08,0.91,-0.35,-0.73,-0.2,1064
"1065",NA,-0.11,0.25,-0.2,-1.16,0.82,-0.36,-0.78,-0.09,1065
"1066",NA,-0.18,0.23,-0.1,-1.23,0.71,-0.37,-0.81,0.02,1066
"1067",NA,-0.24,0.24,-0.02,-1.28,0.58,-0.38,-0.8,0.11,1067
"1068",NA,-0.29,0.27,0.03,-1.31,0.46,-0.39,-0.76,0.18,1068
"1069",NA,-0.31,0.34,0.03,-1.3,0.36,-0.39,-0.69,0.22,1069
"1070",NA,-0.31,0.45,-0.02,-1.26,0.27,-0.39,-0.61,0.22,1070
"1071",NA,-0.27,0.58,-0.12,-1.19,0.21,-0.39,-0.5,0.2,1071
"1072",NA,-0.21,0.73,-0.25,-1.1,0.17,-0.39,-0.37,0.17,1072
"1073",NA,-0.12,0.88,-0.38,-1.01,0.14,-0.39,-0.23,0.12,1073
"1074",NA,-0.02,1.02,-0.49,-0.92,0.13,-0.38,-0.09,0.08,1074
"1075",NA,0.1,1.15,-0.56,-0.84,0.11,-0.37,0.06,0.05,1075
"1076",NA,0.23,1.24,-0.59,-0.8,0.1,-0.36,0.22,0.04,1076
"1077",NA,0.37,1.3,-0.54,-0.79,0.09,-0.35,0.37,0.06,1077
"1078",NA,0.52,1.32,-0.44,-0.8,0.08,-0.34,0.51,0.1,1078
"1079",NA,0.66,1.3,-0.3,-0.83,0.08,-0.33,0.62,0.15,1079
"1080",NA,0.8,1.26,-0.14,-0.86,0.1,-0.31,0.71,0.2,1080
"1081",NA,0.92,1.2,0.03,-0.88,0.14,-0.3,0.76,0.23,1081
"1082",NA,1.03,1.13,0.17,-0.88,0.21,-0.29,0.75,0.24,1082
"1083",NA,1.12,1.05,0.28,-0.85,0.31,-0.27,0.69,0.21,1083
"1084",NA,1.19,0.96,0.34,-0.78,0.44,-0.26,0.56,0.13,1084
"1085",NA,1.24,0.87,0.36,-0.67,0.61,-0.25,0.39,0.03,1085
"1086",NA,1.26,0.79,0.35,-0.55,0.77,-0.24,0.19,-0.1,1086
"1087",NA,1.26,0.72,0.32,-0.42,0.93,-0.23,-0.02,-0.24,1087
"1088",NA,1.24,0.66,0.28,-0.31,1.07,-0.22,-0.21,-0.36,1088
"1089",NA,1.2,0.62,0.25,-0.21,1.15,-0.21,-0.36,-0.46,1089
"1090",NA,1.14,0.61,0.23,-0.16,1.18,-0.2,-0.46,-0.53,1090
"1091",NA,1.07,0.62,0.23,-0.15,1.14,-0.19,-0.48,-0.54,1091
"1092",NA,0.99,0.66,0.25,-0.18,1.04,-0.19,-0.45,-0.52,1092
"1093",NA,0.9,0.71,0.28,-0.25,0.9,-0.18,-0.37,-0.47,1093
"1094",NA,0.82,0.79,0.31,-0.33,0.75,-0.18,-0.27,-0.39,1094
"1095",NA,0.75,0.88,0.34,-0.44,0.6,-0.18,-0.16,-0.31,1095
"1096",NA,0.7,0.97,0.35,-0.55,0.47,-0.17,-0.07,-0.24,1096
"1097",NA,0.68,1.07,0.34,-0.66,0.4,-0.17,-0.01,-0.17,1097
"1098",NA,0.68,1.17,0.3,-0.75,0.38,-0.17,0,-0.13,1098
"1099",NA,0.72,1.27,0.24,-0.84,0.4,-0.17,-0.03,-0.11,1099
"1100",NA,0.77,1.36,0.16,-0.92,0.46,-0.17,-0.1,-0.1,1100
"1101",NA,0.83,1.43,0.07,-0.98,0.54,-0.17,-0.18,-0.1,1101
"1102",NA,0.9,1.49,-0.04,-1.04,0.61,-0.17,-0.28,-0.11,1102
"1103",NA,0.96,1.52,-0.14,-1.09,0.66,-0.18,-0.38,-0.12,1103
"1104",NA,1.02,1.53,-0.25,-1.12,0.67,-0.18,-0.48,-0.13,1104
"1105",NA,1.05,1.51,-0.35,-1.15,0.63,-0.19,-0.55,-0.14,1105
"1106",NA,1.07,1.46,-0.44,-1.17,0.56,-0.2,-0.62,-0.14,1106
"1107",NA,1.06,1.38,-0.51,-1.18,0.46,-0.21,-0.66,-0.13,1107
"1108",NA,1.05,1.29,-0.56,-1.18,0.35,-0.22,-0.7,-0.11,1108
"1109",NA,1.01,1.17,-0.58,-1.16,0.25,-0.22,-0.72,-0.08,1109
"1110",NA,0.95,1.05,-0.57,-1.12,0.17,-0.23,-0.73,-0.04,1110
"1111",NA,0.88,0.9,-0.52,-1.06,0.12,-0.24,-0.73,0.01,1111
"1112",NA,0.8,0.76,-0.43,-0.98,0.13,-0.25,-0.73,0.07,1112
"1113",NA,0.7,0.6,-0.31,-0.89,0.16,-0.26,-0.72,0.15,1113
"1114",NA,0.59,0.45,-0.17,-0.8,0.22,-0.27,-0.7,0.22,1114
"1115",NA,0.49,0.31,-0.03,-0.72,0.27,-0.27,-0.67,0.29,1115
"1116",NA,0.4,0.17,0.12,-0.65,0.3,-0.28,-0.64,0.36,1116
"1117",NA,0.32,0.05,0.25,-0.61,0.29,-0.28,-0.61,0.42,1117
"1118",NA,0.25,-0.05,0.36,-0.6,0.22,-0.28,-0.58,0.46,1118
"1119",NA,0.22,-0.12,0.44,-0.64,0.08,-0.29,-0.55,0.48,1119
"1120",NA,0.19,-0.17,0.49,-0.7,-0.11,-0.29,-0.51,0.49,1120
"1121",NA,0.19,-0.2,0.52,-0.77,-0.33,-0.29,-0.48,0.48,1121
"1122",NA,0.18,-0.22,0.53,-0.83,-0.55,-0.29,-0.44,0.47,1122
"1123",NA,0.17,-0.23,0.53,-0.88,-0.74,-0.29,-0.4,0.44,1123
"1124",NA,0.16,-0.23,0.54,-0.87,-0.9,-0.28,-0.36,0.41,1124
"1125",NA,0.13,-0.22,0.55,-0.81,-0.98,-0.28,-0.32,0.38,1125
"1126",NA,0.08,-0.21,0.58,-0.69,-0.97,-0.27,-0.27,0.35,1126
"1127",NA,0.01,-0.2,0.61,-0.51,-0.89,-0.26,-0.23,0.32,1127
"1128",NA,-0.06,-0.19,0.65,-0.3,-0.76,-0.25,-0.19,0.29,1128
"1129",NA,-0.14,-0.17,0.68,-0.1,-0.6,-0.23,-0.16,0.27,1129
"1130",NA,-0.21,-0.13,0.72,0.08,-0.43,-0.22,-0.13,0.25,1130
"1131",NA,-0.27,-0.09,0.74,0.21,-0.28,-0.2,-0.11,0.24,1131
"1132",NA,-0.31,-0.03,0.76,0.26,-0.16,-0.19,-0.11,0.23,1132
"1133",NA,-0.33,0.05,0.75,0.22,-0.09,-0.17,-0.12,0.23,1133
"1134",NA,-0.33,0.14,0.73,0.1,-0.07,-0.16,-0.14,0.24,1134
"1135",NA,-0.32,0.23,0.7,-0.08,-0.08,-0.14,-0.16,0.24,1135
"1136",NA,-0.3,0.32,0.67,-0.29,-0.11,-0.12,-0.17,0.25,1136
"1137",NA,-0.28,0.39,0.62,-0.51,-0.14,-0.11,-0.17,0.25,1137
"1138",NA,-0.27,0.46,0.58,-0.72,-0.16,-0.1,-0.15,0.25,1138
"1139",NA,-0.27,0.49,0.54,-0.89,-0.16,-0.09,-0.09,0.25,1139
"1140",NA,-0.29,0.5,0.49,-1.01,-0.13,-0.08,-0.01,0.24,1140
"1141",NA,-0.32,0.49,0.45,-1.08,-0.08,-0.08,0.1,0.22,1141
"1142",NA,-0.36,0.46,0.4,-1.11,-0.01,-0.08,0.22,0.2,1142
"1143",NA,-0.42,0.42,0.34,-1.12,0.05,-0.08,0.33,0.19,1143
"1144",NA,-0.48,0.37,0.27,-1.1,0.11,-0.08,0.41,0.19,1144
"1145",NA,-0.54,0.33,0.17,-1.08,0.15,-0.09,0.45,0.2,1145
"1146",NA,-0.6,0.29,0.05,-1.06,0.15,-0.1,0.44,0.22,1146
"1147",NA,-0.66,0.27,-0.1,-1.05,0.11,-0.12,0.37,0.27,1147
"1148",NA,-0.72,0.26,-0.26,-1.04,0.03,-0.13,0.25,0.32,1148
"1149",NA,-0.75,0.26,-0.43,-1.05,-0.06,-0.15,0.1,0.38,1149
"1150",NA,-0.77,0.27,-0.58,-1.05,-0.15,-0.18,-0.05,0.43,1150
"1151",NA,-0.77,0.29,-0.71,-1.07,-0.24,-0.2,-0.19,0.47,1151
"1152",NA,-0.73,0.3,-0.8,-1.08,-0.31,-0.22,-0.28,0.48,1152
"1153",NA,-0.66,0.32,-0.83,-1.1,-0.34,-0.25,-0.31,0.47,1153
"1154",NA,-0.55,0.34,-0.79,-1.11,-0.33,-0.27,-0.27,0.42,1154
"1155",NA,-0.41,0.35,-0.71,-1.12,-0.29,-0.29,-0.16,0.34,1155
"1156",NA,-0.25,0.36,-0.59,-1.13,-0.22,-0.31,-0.02,0.24,1156
"1157",NA,-0.08,0.38,-0.46,-1.14,-0.15,-0.33,0.14,0.14,1157
"1158",NA,0.08,0.4,-0.33,-1.14,-0.07,-0.35,0.3,0.05,1158
"1159",NA,0.23,0.42,-0.22,-1.15,-0.02,-0.37,0.43,-0.03,1159
"1160",NA,0.35,0.44,-0.16,-1.16,0.01,-0.38,0.5,-0.08,1160
"1161",NA,0.44,0.47,-0.14,-1.16,0,-0.4,0.51,-0.1,1161
"1162",NA,0.5,0.5,-0.17,-1.17,-0.03,-0.41,0.46,-0.08,1162
"1163",NA,0.54,0.54,-0.23,-1.17,-0.09,-0.42,0.39,-0.03,1163
"1164",NA,0.55,0.57,-0.29,-1.17,-0.16,-0.43,0.31,0.03,1164
"1165",NA,0.55,0.59,-0.35,-1.16,-0.23,-0.43,0.24,0.12,1165
"1166",NA,0.54,0.61,-0.39,-1.15,-0.28,-0.44,0.21,0.21,1166
"1167",NA,0.53,0.62,-0.38,-1.14,-0.32,-0.44,0.25,0.31,1167
"1168",NA,0.52,0.61,-0.33,-1.11,-0.32,-0.44,0.36,0.41,1168
"1169",NA,0.52,0.6,-0.23,-1.08,-0.3,-0.44,0.53,0.51,1169
"1170",NA,0.53,0.58,-0.1,-1.06,-0.26,-0.44,0.74,0.59,1170
"1171",NA,0.54,0.55,0.03,-1.03,-0.21,-0.43,0.96,0.66,1171
"1172",NA,0.56,0.52,0.16,-1.02,-0.15,-0.42,1.16,0.7,1172
"1173",NA,0.6,0.49,0.27,-1.02,-0.09,-0.41,1.33,0.72,1173
"1174",NA,0.65,0.46,0.34,-1.04,-0.04,-0.4,1.45,0.71,1174
"1175",NA,0.72,0.43,0.37,-1.08,0,-0.38,1.48,0.67,1175
"1176",NA,0.8,0.41,0.35,-1.13,0.02,-0.36,1.44,0.6,1176
"1177",NA,0.88,0.4,0.3,-1.2,0.05,-0.34,1.34,0.51,1177
"1178",NA,0.95,0.39,0.22,-1.27,0.06,-0.32,1.19,0.42,1178
"1179",NA,1.02,0.39,0.12,-1.34,0.07,-0.29,0.99,0.34,1179
"1180",NA,1.07,0.4,0,-1.41,0.09,-0.27,0.77,0.28,1180
"1181",NA,1.1,0.42,-0.12,-1.46,0.1,-0.24,0.53,0.25,1181
"1182",NA,1.1,0.45,-0.24,-1.5,0.12,-0.22,0.28,0.26,1182
"1183",NA,1.08,0.49,-0.36,-1.52,0.14,-0.19,0.03,0.29,1183
"1184",NA,1.04,0.53,-0.46,-1.53,0.16,-0.16,-0.19,0.33,1184
"1185",NA,0.99,0.56,-0.54,-1.53,0.17,-0.14,-0.39,0.36,1185
"1186",NA,0.94,0.58,-0.6,-1.52,0.16,-0.11,-0.54,0.38,1186
"1187",NA,0.89,0.59,-0.62,-1.51,0.13,-0.08,-0.63,0.36,1187
"1188",NA,0.85,0.58,-0.61,-1.5,0.08,-0.06,-0.65,0.29,1188
"1189",NA,0.83,0.54,-0.55,-1.49,0,-0.04,-0.59,0.16,1189
"1190",NA,0.82,0.47,-0.47,-1.48,-0.09,-0.01,-0.46,-0.01,1190
"1191",NA,0.81,0.39,-0.37,-1.47,-0.2,0.01,-0.3,-0.21,1191
"1192",NA,0.81,0.3,-0.26,-1.45,-0.31,0.03,-0.12,-0.41,1192
"1193",NA,0.81,0.2,-0.15,-1.43,-0.41,0.05,0.06,-0.6,1193
"1194",NA,0.8,0.1,-0.07,-1.4,-0.49,0.07,0.21,-0.75,1194
"1195",NA,0.77,0,-0.02,-1.35,-0.55,0.09,0.32,-0.85,1195
"1196",NA,0.74,-0.09,0,-1.29,-0.58,0.11,0.36,-0.87,1196
"1197",NA,0.69,-0.17,-0.02,-1.23,-0.58,0.13,0.34,-0.83,1197
"1198",NA,0.64,-0.25,-0.05,-1.15,-0.57,0.15,0.28,-0.75,1198
"1199",NA,0.59,-0.31,-0.09,-1.06,-0.55,0.17,0.19,-0.64,1199
"1200",NA,0.54,-0.36,-0.12,-0.97,-0.53,0.19,0.08,-0.52,1200
"1201",NA,0.5,-0.39,-0.12,-0.87,-0.53,0.21,-0.03,-0.41,1201
"1202",NA,0.48,-0.41,-0.09,-0.77,-0.55,0.23,-0.14,-0.32,1202
"1203",NA,0.47,-0.42,-0.02,-0.68,-0.6,0.24,-0.23,-0.26,1203
"1204",NA,0.48,-0.41,0.09,-0.58,-0.67,0.26,-0.3,-0.23,1204
"1205",NA,0.49,-0.39,0.22,-0.49,-0.76,0.27,-0.35,-0.23,1205
"1206",NA,0.51,-0.37,0.35,-0.41,-0.86,0.29,-0.38,-0.25,1206
"1207",NA,0.52,-0.34,0.47,-0.34,-0.96,0.3,-0.38,-0.28,1207
"1208",NA,0.52,-0.32,0.56,-0.3,-1.06,0.31,-0.36,-0.31,1208
"1209",NA,0.5,-0.31,0.61,-0.27,-1.14,0.33,-0.32,-0.34,1209
"1210",NA,0.46,-0.31,0.6,-0.26,-1.21,0.34,-0.26,-0.37,1210
"1211",NA,0.4,-0.32,0.56,-0.28,-1.26,0.35,-0.18,-0.39,1211
"1212",NA,0.34,-0.34,0.49,-0.31,-1.28,0.37,-0.08,-0.4,1212
"1213",NA,0.28,-0.37,0.42,-0.35,-1.29,0.38,0.03,-0.4,1213
"1214",NA,0.23,-0.39,0.36,-0.4,-1.27,0.39,0.15,-0.38,1214
"1215",NA,0.19,-0.42,0.33,-0.45,-1.22,0.41,0.27,-0.35,1215
"1216",NA,0.18,-0.45,0.35,-0.5,-1.15,0.42,0.4,-0.31,1216
"1217",NA,0.2,-0.47,0.42,-0.55,-1.05,0.43,0.51,-0.26,1217
"1218",NA,0.24,-0.49,0.53,-0.59,-0.93,0.44,0.62,-0.19,1218
"1219",NA,0.3,-0.5,0.66,-0.63,-0.8,0.45,0.72,-0.13,1219
"1220",NA,0.36,-0.51,0.79,-0.66,-0.65,0.46,0.81,-0.06,1220
"1221",NA,0.41,-0.52,0.89,-0.7,-0.51,0.47,0.88,-0.01,1221
"1222",NA,0.45,-0.53,0.94,-0.75,-0.36,0.47,0.93,0.02,1222
"1223",NA,0.47,-0.53,0.92,-0.79,-0.22,0.48,0.97,0.04,1223
"1224",NA,0.46,-0.53,0.81,-0.84,-0.09,0.48,0.98,0.02,1224
"1225",NA,0.43,-0.53,0.64,-0.89,0.02,0.49,0.97,-0.01,1225
"1226",NA,0.38,-0.53,0.43,-0.93,0.1,0.49,0.95,-0.07,1226
"1227",NA,0.32,-0.52,0.2,-0.96,0.16,0.49,0.92,-0.12,1227
"1228",NA,0.26,-0.52,-0.01,-0.97,0.18,0.49,0.89,-0.18,1228
"1229",NA,0.2,-0.51,-0.18,-0.95,0.16,0.49,0.86,-0.22,1229
"1230",NA,0.16,-0.5,-0.28,-0.91,0.09,0.49,0.84,-0.25,1230
"1231",NA,0.13,-0.49,-0.29,-0.82,-0.02,0.49,0.82,-0.25,1231
"1232",NA,0.12,-0.48,-0.24,-0.71,-0.17,0.5,0.81,-0.24,1232
"1233",NA,0.13,-0.46,-0.13,-0.58,-0.34,0.5,0.8,-0.21,1233
"1234",NA,0.13,-0.43,-0.01,-0.44,-0.52,0.51,0.78,-0.16,1234
"1235",NA,0.14,-0.4,0.11,-0.31,-0.69,0.52,0.76,-0.11,1235
"1236",NA,0.15,-0.35,0.2,-0.18,-0.83,0.52,0.72,-0.05,1236
"1237",NA,0.15,-0.3,0.23,-0.09,-0.94,0.53,0.66,0,1237
"1238",NA,0.14,-0.23,0.2,-0.02,-0.99,0.54,0.58,0.06,1238
"1239",NA,0.11,-0.15,0.11,0.02,-1,0.55,0.49,0.1,1239
"1240",NA,0.08,-0.06,-0.02,0.03,-0.97,0.56,0.39,0.15,1240
"1241",NA,0.04,0.02,-0.15,0.02,-0.9,0.57,0.31,0.19,1241
"1242",NA,-0.01,0.1,-0.27,0,-0.81,0.57,0.24,0.23,1242
"1243",NA,-0.06,0.17,-0.36,-0.05,-0.71,0.58,0.21,0.28,1243
"1244",NA,-0.11,0.22,-0.39,-0.1,-0.59,0.58,0.22,0.32,1244
"1245",NA,-0.16,0.25,-0.34,-0.17,-0.46,0.58,0.29,0.37,1245
"1246",NA,-0.21,0.27,-0.23,-0.23,-0.34,0.58,0.38,0.42,1246
"1247",NA,-0.26,0.27,-0.09,-0.3,-0.23,0.58,0.5,0.47,1247
"1248",NA,-0.31,0.26,0.07,-0.35,-0.13,0.57,0.62,0.5,1248
"1249",NA,-0.35,0.23,0.23,-0.4,-0.05,0.56,0.71,0.52,1249
"1250",NA,-0.38,0.19,0.36,-0.42,0,0.55,0.77,0.53,1250
"1251",NA,-0.4,0.15,0.44,-0.42,0.02,0.54,0.78,0.51,1251
"1252",NA,-0.41,0.1,0.46,-0.4,0,0.52,0.71,0.47,1252
"1253",NA,-0.41,0.05,0.42,-0.35,-0.05,0.51,0.6,0.41,1253
"1254",NA,-0.4,-0.01,0.33,-0.29,-0.12,0.49,0.45,0.34,1254
"1255",NA,-0.38,-0.05,0.21,-0.24,-0.22,0.47,0.29,0.26,1255
"1256",NA,-0.35,-0.09,0.07,-0.19,-0.33,0.46,0.14,0.18,1256
"1257",NA,-0.31,-0.11,-0.09,-0.16,-0.44,0.44,0.02,0.11,1257
"1258",NA,-0.26,-0.11,-0.25,-0.15,-0.55,0.43,-0.04,0.05,1258
"1259",NA,-0.2,-0.09,-0.41,-0.18,-0.66,0.42,-0.04,0.02,1259
"1260",NA,-0.13,-0.05,-0.54,-0.24,-0.76,0.41,0.02,-0.01,1260
"1261",NA,-0.06,0,-0.66,-0.32,-0.84,0.4,0.11,-0.01,1261
"1262",NA,0,0.07,-0.75,-0.4,-0.91,0.4,0.22,0,1262
"1263",NA,0.06,0.14,-0.8,-0.48,-0.95,0.39,0.32,0.02,1263
"1264",NA,0.09,0.22,-0.81,-0.55,-0.96,0.39,0.39,0.05,1264
"1265",NA,0.11,0.29,-0.78,-0.59,-0.94,0.39,0.41,0.09,1265
"1266",NA,0.1,0.36,-0.7,-0.6,-0.89,0.38,0.38,0.13,1266
"1267",NA,0.07,0.43,-0.57,-0.6,-0.82,0.38,0.29,0.17,1267
"1268",NA,0.02,0.49,-0.42,-0.59,-0.73,0.38,0.18,0.21,1268
"1269",NA,-0.03,0.54,-0.25,-0.59,-0.64,0.37,0.05,0.24,1269
"1270",NA,-0.08,0.57,-0.08,-0.61,-0.57,0.36,-0.07,0.26,1270
"1271",NA,-0.12,0.6,0.09,-0.67,-0.52,0.36,-0.17,0.25,1271
"1272",NA,-0.14,0.61,0.24,-0.78,-0.51,0.35,-0.22,0.22,1272
"1273",NA,-0.15,0.61,0.36,-0.95,-0.54,0.34,-0.22,0.16,1273
"1274",NA,-0.14,0.6,0.46,-1.16,-0.6,0.34,-0.16,0.08,1274
"1275",NA,-0.12,0.56,0.53,-1.37,-0.69,0.33,-0.07,-0.01,1275
"1276",NA,-0.11,0.51,0.57,-1.57,-0.8,0.32,0.06,-0.12,1276
"1277",NA,-0.1,0.45,0.6,-1.73,-0.9,0.31,0.2,-0.22,1277
"1278",NA,-0.11,0.37,0.62,-1.82,-0.99,0.3,0.34,-0.32,1278
"1279",NA,-0.14,0.27,0.62,-1.81,-1.06,0.28,0.49,-0.4,1279
"1280",NA,-0.2,0.15,0.61,-1.69,-1.09,0.27,0.62,-0.45,1280
"1281",NA,-0.28,0.02,0.59,-1.47,-1.1,0.26,0.73,-0.49,1281
"1282",NA,-0.38,-0.11,0.56,-1.19,-1.09,0.25,0.82,-0.51,1282
"1283",NA,-0.48,-0.25,0.51,-0.88,-1.06,0.24,0.88,-0.51,1283
"1284",NA,-0.58,-0.37,0.46,-0.56,-1.04,0.23,0.91,-0.51,1284
"1285",NA,-0.67,-0.48,0.39,-0.27,-1.01,0.22,0.91,-0.49,1285
"1286",NA,-0.75,-0.57,0.31,-0.03,-1.01,0.21,0.86,-0.47,1286
"1287",NA,-0.79,-0.63,0.22,0.13,-1.01,0.21,0.77,-0.45,1287
"1288",NA,-0.81,-0.67,0.12,0.22,-1.04,0.2,0.65,-0.42,1288
"1289",NA,-0.81,-0.68,0.02,0.24,-1.08,0.2,0.5,-0.39,1289
"1290",NA,-0.79,-0.67,-0.08,0.2,-1.13,0.19,0.32,-0.37,1290
"1291",NA,-0.74,-0.65,-0.16,0.11,-1.18,0.19,0.13,-0.35,1291
"1292",NA,-0.68,-0.61,-0.22,-0.01,-1.23,0.19,-0.07,-0.32,1292
"1293",NA,-0.6,-0.56,-0.26,-0.17,-1.28,0.19,-0.28,-0.31,1293
"1294",NA,-0.5,-0.5,-0.27,-0.35,-1.33,0.19,-0.48,-0.3,1294
"1295",NA,-0.4,-0.43,-0.25,-0.54,-1.36,0.2,-0.66,-0.28,1295
"1296",NA,-0.29,-0.36,-0.21,-0.72,-1.37,0.21,-0.83,-0.27,1296
"1297",NA,-0.18,-0.27,-0.15,-0.88,-1.36,0.22,-0.96,-0.24,1297
"1298",NA,-0.07,-0.18,-0.08,-1.01,-1.32,0.22,-1.06,-0.19,1298
"1299",NA,0.02,-0.09,0,-1.09,-1.24,0.24,-1.11,-0.13,1299
"1300",NA,0.09,0.01,0.09,-1.1,-1.12,0.25,-1.09,-0.04,1300
"1301",NA,0.15,0.11,0.18,-1.04,-0.95,0.26,-1.02,0.09,1301
"1302",NA,0.19,0.21,0.26,-0.92,-0.76,0.27,-0.9,0.23,1302
"1303",NA,0.21,0.31,0.33,-0.77,-0.55,0.28,-0.74,0.39,1303
"1304",NA,0.22,0.4,0.39,-0.6,-0.35,0.29,-0.55,0.54,1304
"1305",NA,0.23,0.48,0.43,-0.44,-0.16,0.3,-0.36,0.68,1305
"1306",NA,0.25,0.54,0.44,-0.3,-0.01,0.31,-0.17,0.8,1306
"1307",NA,0.26,0.58,0.43,-0.21,0.08,0.31,0,0.89,1307
"1308",NA,0.28,0.6,0.38,-0.18,0.11,0.32,0.14,0.93,1308
"1309",NA,0.31,0.6,0.3,-0.2,0.08,0.32,0.25,0.93,1309
"1310",NA,0.34,0.58,0.2,-0.26,0.02,0.31,0.34,0.89,1310
"1311",NA,0.38,0.54,0.09,-0.34,-0.08,0.31,0.39,0.82,1311
"1312",NA,0.41,0.49,-0.02,-0.42,-0.19,0.3,0.43,0.71,1312
"1313",NA,0.44,0.42,-0.13,-0.5,-0.3,0.29,0.44,0.57,1313
"1314",NA,0.47,0.33,-0.22,-0.55,-0.39,0.28,0.44,0.41,1314
"1315",NA,0.49,0.24,-0.29,-0.57,-0.45,0.27,0.42,0.22,1315
"1316",NA,0.51,0.13,-0.34,-0.56,-0.49,0.26,0.39,0.02,1316
"1317",NA,0.53,0.03,-0.38,-0.54,-0.5,0.24,0.36,-0.18,1317
"1318",NA,0.56,-0.07,-0.41,-0.52,-0.48,0.23,0.34,-0.36,1318
"1319",NA,0.6,-0.16,-0.42,-0.52,-0.45,0.21,0.33,-0.5,1319
"1320",NA,0.67,-0.23,-0.43,-0.54,-0.4,0.19,0.34,-0.6,1320
"1321",NA,0.76,-0.28,-0.44,-0.6,-0.33,0.16,0.39,-0.64,1321
"1322",NA,0.88,-0.3,-0.45,-0.71,-0.25,0.14,0.47,-0.61,1322
"1323",NA,1.02,-0.3,-0.46,-0.85,-0.17,0.11,0.57,-0.52,1323
"1324",NA,1.15,-0.29,-0.47,-1,-0.09,0.08,0.68,-0.38,1324
"1325",NA,1.27,-0.26,-0.47,-1.13,-0.03,0.05,0.79,-0.21,1325
"1326",NA,1.36,-0.22,-0.47,-1.23,0,0.02,0.88,-0.01,1326
"1327",NA,1.41,-0.17,-0.46,-1.27,0,-0.01,0.93,0.19,1327
"1328",NA,1.38,-0.13,-0.44,-1.23,-0.05,-0.04,0.93,0.38,1328
"1329",NA,1.29,-0.09,-0.42,-1.1,-0.15,-0.07,0.87,0.56,1329
"1330",NA,1.14,-0.05,-0.39,-0.89,-0.3,-0.1,0.77,0.71,1330
"1331",NA,0.93,-0.02,-0.35,-0.63,-0.46,-0.12,0.64,0.83,1331
"1332",NA,0.7,0,-0.3,-0.37,-0.63,-0.14,0.48,0.92,1332
"1333",NA,0.46,0.02,-0.24,-0.12,-0.79,-0.16,0.33,0.98,1333
"1334",NA,0.21,0.03,-0.18,0.08,-0.92,-0.17,0.19,1,1334
"1335",NA,-0.01,0.04,-0.11,0.2,-1,-0.19,0.09,0.98,1335
"1336",NA,-0.21,0.03,-0.04,0.22,-1.03,-0.2,0.02,0.92,1336
"1337",NA,-0.37,0.02,0.03,0.15,-1.02,-0.21,-0.01,0.82,1337
"1338",NA,-0.5,0.01,0.1,0,-0.97,-0.21,-0.02,0.69,1338
"1339",NA,-0.6,0,0.15,-0.21,-0.92,-0.22,-0.01,0.54,1339
"1340",NA,-0.68,-0.01,0.19,-0.45,-0.86,-0.21,-0.01,0.36,1340
"1341",NA,-0.73,-0.01,0.2,-0.72,-0.83,-0.21,-0.01,0.18,1341
"1342",NA,-0.76,0,0.18,-0.99,-0.83,-0.2,-0.03,-0.01,1342
"1343",NA,-0.77,0.01,0.13,-1.26,-0.88,-0.18,-0.09,-0.2,1343
"1344",NA,-0.77,0.04,0.05,-1.51,-0.96,-0.17,-0.16,-0.38,1344
"1345",NA,-0.75,0.07,-0.05,-1.73,-1.06,-0.14,-0.25,-0.54,1345
"1346",NA,-0.72,0.11,-0.16,-1.92,-1.15,-0.12,-0.34,-0.66,1346
"1347",NA,-0.67,0.15,-0.27,-2.07,-1.21,-0.09,-0.42,-0.74,1347
"1348",NA,-0.62,0.19,-0.37,-2.17,-1.24,-0.06,-0.48,-0.76,1348
"1349",NA,-0.56,0.23,-0.47,-2.22,-1.2,-0.02,-0.52,-0.71,1349
"1350",NA,-0.5,0.27,-0.54,-2.22,-1.08,0.01,-0.52,-0.6,1350
"1351",NA,-0.44,0.31,-0.6,-2.15,-0.9,0.05,-0.49,-0.42,1351
"1352",NA,-0.39,0.34,-0.63,-2.04,-0.68,0.09,-0.43,-0.21,1352
"1353",NA,-0.35,0.37,-0.66,-1.9,-0.43,0.13,-0.35,0.01,1353
"1354",NA,-0.33,0.39,-0.68,-1.72,-0.17,0.18,-0.26,0.22,1354
"1355",NA,-0.34,0.41,-0.69,-1.52,0.08,0.22,-0.16,0.4,1355
"1356",NA,-0.39,0.43,-0.7,-1.3,0.3,0.25,-0.05,0.53,1356
"1357",NA,-0.47,0.44,-0.71,-1.07,0.47,0.29,0.06,0.59,1357
"1358",NA,-0.57,0.45,-0.71,-0.84,0.61,0.33,0.17,0.59,1358
"1359",NA,-0.69,0.45,-0.7,-0.62,0.71,0.36,0.26,0.55,1359
"1360",NA,-0.79,0.46,-0.68,-0.41,0.77,0.39,0.35,0.49,1360
"1361",NA,-0.88,0.46,-0.64,-0.23,0.8,0.41,0.42,0.41,1361
"1362",NA,-0.93,0.46,-0.58,-0.09,0.8,0.44,0.48,0.35,1362
"1363",NA,-0.92,0.47,-0.49,0.02,0.78,0.46,0.51,0.3,1363
"1364",NA,-0.85,0.47,-0.37,0.07,0.75,0.47,0.52,0.29,1364
"1365",NA,-0.73,0.48,-0.24,0.09,0.69,0.49,0.52,0.31,1365
"1366",NA,-0.57,0.49,-0.1,0.07,0.62,0.5,0.5,0.35,1366
"1367",NA,-0.41,0.49,0.01,0.03,0.54,0.5,0.48,0.39,1367
"1368",NA,-0.25,0.49,0.1,-0.02,0.45,0.51,0.45,0.43,1368
"1369",NA,-0.13,0.48,0.14,-0.08,0.36,0.51,0.43,0.44,1369
"1370",NA,-0.05,0.46,0.12,-0.13,0.26,0.51,0.42,0.43,1370
"1371",NA,-0.04,0.42,0.02,-0.17,0.17,0.51,0.42,0.37,1371
"1372",NA,-0.07,0.38,-0.14,-0.19,0.08,0.51,0.43,0.29,1372
"1373",NA,-0.14,0.33,-0.34,-0.21,0,0.51,0.46,0.18,1373
"1374",NA,-0.22,0.29,-0.55,-0.21,-0.08,0.51,0.49,0.06,1374
"1375",NA,-0.31,0.25,-0.76,-0.2,-0.14,0.5,0.53,-0.05,1375
"1376",NA,-0.37,0.21,-0.94,-0.18,-0.19,0.5,0.58,-0.16,1376
"1377",NA,-0.4,0.19,-1.08,-0.16,-0.22,0.5,0.63,-0.24,1377
"1378",NA,-0.38,0.19,-1.16,-0.14,-0.24,0.49,0.67,-0.28,1378
"1379",NA,-0.32,0.2,-1.18,-0.11,-0.24,0.49,0.72,-0.3,1379
"1380",NA,-0.22,0.22,-1.15,-0.08,-0.22,0.49,0.76,-0.28,1380
"1381",NA,-0.1,0.25,-1.07,-0.04,-0.2,0.49,0.8,-0.24,1381
"1382",NA,0.04,0.28,-0.95,0,-0.17,0.48,0.83,-0.17,1382
"1383",NA,0.19,0.31,-0.8,0.04,-0.13,0.48,0.85,-0.08,1383
"1384",NA,0.34,0.33,-0.62,0.08,-0.1,0.47,0.86,0.04,1384
"1385",NA,0.48,0.35,-0.43,0.12,-0.07,0.46,0.86,0.17,1385
"1386",NA,0.6,0.36,-0.22,0.16,-0.04,0.46,0.85,0.32,1386
"1387",NA,0.7,0.37,-0.02,0.19,-0.03,0.45,0.83,0.47,1387
"1388",NA,0.78,0.39,0.18,0.22,-0.02,0.44,0.81,0.6,1388
"1389",NA,0.82,0.41,0.36,0.25,-0.02,0.42,0.78,0.73,1389
"1390",NA,0.82,0.43,0.51,0.27,-0.03,0.41,0.75,0.82,1390
"1391",NA,0.79,0.47,0.63,0.28,-0.06,0.39,0.71,0.88,1391
"1392",NA,0.7,0.52,0.71,0.28,-0.1,0.38,0.67,0.89,1392
"1393",NA,0.59,0.57,0.75,0.27,-0.16,0.36,0.64,0.87,1393
"1394",NA,0.45,0.64,0.76,0.26,-0.21,0.34,0.61,0.81,1394
"1395",NA,0.32,0.7,0.73,0.24,-0.25,0.32,0.58,0.73,1395
"1396",NA,0.19,0.76,0.69,0.22,-0.28,0.29,0.55,0.64,1396
"1397",NA,0.09,0.81,0.62,0.21,-0.27,0.27,0.54,0.55,1397
"1398",NA,0.03,0.85,0.54,0.2,-0.24,0.24,0.53,0.45,1398
"1399",NA,0.02,0.87,0.44,0.2,-0.16,0.21,0.53,0.37,1399
"1400",NA,0.05,0.87,0.35,0.2,-0.05,0.18,0.54,0.3,1400
"1401",NA,0.12,0.86,0.26,0.21,0.09,0.15,0.56,0.24,1401
"1402",NA,0.22,0.84,0.18,0.22,0.24,0.12,0.59,0.19,1402
"1403",NA,0.32,0.8,0.12,0.23,0.39,0.08,0.64,0.15,1403
"1404",NA,0.43,0.75,0.09,0.25,0.54,0.05,0.69,0.12,1404
"1405",NA,0.52,0.7,0.1,0.26,0.67,0.02,0.76,0.11,1405
"1406",NA,0.6,0.64,0.15,0.27,0.78,-0.02,0.83,0.11,1406
"1407",NA,0.66,0.58,0.23,0.27,0.86,-0.05,0.91,0.13,1407
"1408",NA,0.7,0.51,0.32,0.27,0.93,-0.08,0.98,0.15,1408
"1409",NA,0.73,0.44,0.43,0.25,0.96,-0.11,1.04,0.18,1409
"1410",NA,0.75,0.37,0.53,0.21,0.98,-0.14,1.07,0.22,1410
"1411",NA,0.77,0.3,0.61,0.16,0.98,-0.18,1.07,0.26,1411
"1412",NA,0.78,0.24,0.66,0.08,0.95,-0.21,1.02,0.31,1412
"1413",NA,0.79,0.18,0.67,-0.03,0.91,-0.23,0.93,0.36,1413
"1414",NA,0.8,0.13,0.65,-0.15,0.85,-0.26,0.8,0.41,1414
"1415",NA,0.81,0.08,0.59,-0.28,0.79,-0.29,0.65,0.45,1415
"1416",NA,0.82,0.05,0.52,-0.39,0.73,-0.31,0.52,0.49,1416
"1417",NA,0.83,0.02,0.44,-0.48,0.67,-0.34,0.4,0.51,1417
"1418",NA,0.85,0.01,0.35,-0.54,0.62,-0.36,0.34,0.52,1418
"1419",NA,0.88,0.01,0.26,-0.54,0.59,-0.38,0.34,0.51,1419
"1420",NA,0.91,0.03,0.18,-0.49,0.58,-0.4,0.41,0.47,1420
"1421",NA,0.94,0.06,0.11,-0.39,0.59,-0.42,0.55,0.42,1421
"1422",NA,0.97,0.09,0.05,-0.26,0.61,-0.44,0.74,0.37,1422
"1423",NA,1,0.14,0,-0.11,0.64,-0.45,0.95,0.32,1423
"1424",NA,1.02,0.2,-0.04,0.05,0.66,-0.47,1.16,0.28,1424
"1425",NA,1.02,0.27,-0.08,0.2,0.68,-0.48,1.36,0.25,1425
"1426",NA,1.02,0.34,-0.11,0.32,0.69,-0.49,1.52,0.25,1426
"1427",NA,0.99,0.41,-0.14,0.41,0.69,-0.51,1.63,0.29,1427
"1428",NA,0.95,0.48,-0.16,0.46,0.67,-0.52,1.69,0.35,1428
"1429",NA,0.9,0.55,-0.17,0.47,0.65,-0.53,1.7,0.42,1429
"1430",NA,0.82,0.61,-0.18,0.45,0.63,-0.54,1.69,0.5,1430
"1431",NA,0.74,0.66,-0.18,0.38,0.63,-0.54,1.64,0.58,1431
"1432",NA,0.64,0.68,-0.17,0.27,0.63,-0.55,1.58,0.64,1432
"1433",NA,0.54,0.68,-0.16,0.11,0.67,-0.55,1.51,0.68,1433
"1434",NA,0.42,0.66,-0.13,-0.08,0.72,-0.55,1.44,0.69,1434
"1435",NA,0.3,0.61,-0.1,-0.3,0.8,-0.55,1.37,0.67,1435
"1436",NA,0.18,0.54,-0.06,-0.53,0.89,-0.55,1.3,0.62,1436
"1437",NA,0.05,0.46,-0.02,-0.75,0.97,-0.54,1.24,0.55,1437
"1438",NA,-0.07,0.37,0.01,-0.94,1.04,-0.53,1.19,0.46,1438
"1439",NA,-0.18,0.27,0.04,-1.1,1.09,-0.53,1.15,0.35,1439
"1440",NA,-0.28,0.16,0.06,-1.19,1.11,-0.52,1.12,0.22,1440
"1441",NA,-0.37,0.06,0.07,-1.21,1.09,-0.51,1.11,0.08,1441
"1442",NA,-0.44,-0.03,0.08,-1.18,1.03,-0.49,1.11,-0.07,1442
"1443",NA,-0.5,-0.12,0.08,-1.1,0.93,-0.48,1.11,-0.21,1443
"1444",NA,-0.54,-0.2,0.08,-1,0.81,-0.46,1.1,-0.34,1444
"1445",NA,-0.57,-0.26,0.1,-0.9,0.67,-0.45,1.08,-0.45,1445
"1446",NA,-0.59,-0.31,0.14,-0.81,0.5,-0.43,1.05,-0.53,1446
"1447",NA,-0.59,-0.34,0.19,-0.75,0.33,-0.41,0.98,-0.58,1447
"1448",NA,-0.58,-0.35,0.27,-0.74,0.15,-0.39,0.88,-0.59,1448
"1449",NA,-0.56,-0.34,0.37,-0.78,-0.04,-0.36,0.76,-0.57,1449
"1450",NA,-0.54,-0.32,0.48,-0.85,-0.21,-0.33,0.61,-0.52,1450
"1451",NA,-0.52,-0.29,0.58,-0.95,-0.38,-0.3,0.46,-0.47,1451
"1452",NA,-0.51,-0.27,0.67,-1.06,-0.53,-0.27,0.3,-0.4,1452
"1453",NA,-0.52,-0.25,0.74,-1.19,-0.66,-0.23,0.14,-0.35,1453
"1454",NA,-0.55,-0.24,0.78,-1.32,-0.76,-0.18,0,-0.31,1454
"1455",NA,-0.6,-0.24,0.78,-1.45,-0.83,-0.14,-0.12,-0.29,1455
"1456",NA,-0.68,-0.26,0.75,-1.57,-0.87,-0.09,-0.23,-0.29,1456
"1457",NA,-0.76,-0.28,0.69,-1.68,-0.88,-0.03,-0.31,-0.3,1457
"1458",NA,-0.85,-0.31,0.62,-1.76,-0.86,0.03,-0.38,-0.32,1458
"1459",NA,-0.93,-0.34,0.53,-1.82,-0.83,0.08,-0.44,-0.34,1459
"1460",NA,-1,-0.37,0.45,-1.85,-0.79,0.14,-0.48,-0.34,1460
"1461",NA,-1.05,-0.4,0.37,-1.84,-0.73,0.2,-0.51,-0.33,1461
"1462",NA,-1.07,-0.42,0.31,-1.8,-0.66,0.26,-0.52,-0.3,1462
"1463",NA,-1.06,-0.44,0.27,-1.72,-0.59,0.31,-0.53,-0.25,1463
"1464",NA,-1.04,-0.45,0.23,-1.61,-0.51,0.36,-0.53,-0.19,1464
"1465",NA,-1.02,-0.45,0.2,-1.48,-0.42,0.41,-0.53,-0.13,1465
"1466",NA,-0.99,-0.44,0.17,-1.34,-0.32,0.45,-0.52,-0.06,1466
"1467",NA,-0.96,-0.43,0.13,-1.18,-0.21,0.49,-0.52,0.01,1467
"1468",NA,-0.95,-0.41,0.09,-1.02,-0.09,0.53,-0.53,0.06,1468
"1469",NA,-0.96,-0.38,0.04,-0.86,0.03,0.55,-0.54,0.1,1469
"1470",NA,-0.97,-0.35,-0.02,-0.72,0.16,0.58,-0.56,0.14,1470
"1471",NA,-0.99,-0.31,-0.09,-0.59,0.28,0.59,-0.57,0.16,1471
"1472",NA,-1.01,-0.28,-0.15,-0.49,0.37,0.6,-0.58,0.19,1472
"1473",NA,-1,-0.23,-0.22,-0.43,0.45,0.6,-0.57,0.21,1473
"1474",NA,-0.98,-0.19,-0.28,-0.41,0.48,0.6,-0.54,0.25,1474
"1475",NA,-0.92,-0.15,-0.34,-0.46,0.47,0.59,-0.49,0.3,1475
"1476",NA,-0.83,-0.1,-0.39,-0.56,0.4,0.58,-0.42,0.37,1476
"1477",NA,-0.7,-0.06,-0.43,-0.72,0.3,0.56,-0.31,0.45,1477
"1478",NA,-0.55,-0.02,-0.46,-0.91,0.18,0.54,-0.19,0.54,1478
"1479",NA,-0.39,0.01,-0.47,-1.13,0.06,0.52,-0.06,0.63,1479
"1480",NA,-0.22,0.04,-0.48,-1.35,-0.06,0.49,0.08,0.73,1480
"1481",NA,-0.05,0.06,-0.47,-1.56,-0.14,0.47,0.23,0.82,1481
"1482",NA,0.1,0.07,-0.45,-1.75,-0.18,0.44,0.37,0.9,1482
"1483",NA,0.23,0.07,-0.41,-1.89,-0.15,0.42,0.51,0.97,1483
"1484",NA,0.33,0.06,-0.36,-2,-0.08,0.39,0.63,1.02,1484
"1485",NA,0.4,0.04,-0.3,-2.06,0.03,0.37,0.73,1.06,1485
"1486",NA,0.43,0.01,-0.24,-2.07,0.16,0.34,0.81,1.09,1486
"1487",NA,0.43,-0.03,-0.17,-2.03,0.3,0.32,0.85,1.1,1487
"1488",NA,0.38,-0.08,-0.09,-1.94,0.44,0.3,0.86,1.08,1488
"1489",NA,0.28,-0.15,-0.01,-1.78,0.55,0.28,0.82,1.05,1489
"1490",NA,0.13,-0.22,0.07,-1.57,0.64,0.27,0.74,1,1490
"1491",NA,-0.05,-0.3,0.14,-1.31,0.69,0.25,0.61,0.93,1491
"1492",NA,-0.26,-0.37,0.21,-1.03,0.72,0.24,0.47,0.85,1492
"1493",NA,-0.47,-0.44,0.27,-0.75,0.73,0.23,0.31,0.76,1493
"1494",NA,-0.67,-0.49,0.32,-0.48,0.72,0.21,0.16,0.65,1494
"1495",NA,-0.84,-0.53,0.35,-0.24,0.71,0.2,0.02,0.55,1495
"1496",NA,-0.96,-0.54,0.37,-0.05,0.69,0.19,-0.09,0.44,1496
"1497",NA,-1.03,-0.51,0.36,0.07,0.67,0.18,-0.15,0.34,1497
"1498",NA,-1.04,-0.47,0.34,0.13,0.65,0.16,-0.18,0.24,1498
"1499",NA,-1.02,-0.4,0.31,0.13,0.62,0.15,-0.18,0.15,1499
"1500",NA,-0.96,-0.32,0.28,0.09,0.6,0.14,-0.15,0.08,1500
"1501",NA,-0.87,-0.23,0.25,0,0.57,0.12,-0.1,0.02,1501
"1502",NA,-0.77,-0.13,0.23,-0.11,0.53,0.1,-0.04,-0.02,1502
"1503",NA,-0.66,-0.04,0.23,-0.25,0.49,0.09,0.02,-0.03,1503
"1504",NA,-0.55,0.04,0.25,-0.4,0.45,0.07,0.09,-0.02,1504
"1505",NA,-0.44,0.11,0.29,-0.56,0.4,0.05,0.14,0.02,1505
"1506",NA,-0.34,0.17,0.34,-0.72,0.35,0.03,0.19,0.06,1506
"1507",NA,-0.25,0.22,0.39,-0.87,0.3,0,0.23,0.11,1507
"1508",NA,-0.16,0.26,0.43,-1,0.25,-0.02,0.24,0.15,1508
"1509",NA,-0.08,0.28,0.46,-1.11,0.2,-0.05,0.24,0.18,1509
"1510",NA,-0.01,0.3,0.46,-1.18,0.16,-0.07,0.2,0.19,1510
"1511",NA,0.06,0.3,0.44,-1.22,0.12,-0.1,0.14,0.16,1511
"1512",NA,0.11,0.29,0.39,-1.23,0.09,-0.13,0.05,0.12,1512
"1513",NA,0.15,0.28,0.32,-1.22,0.06,-0.17,-0.05,0.05,1513
"1514",NA,0.18,0.26,0.24,-1.2,0.02,-0.2,-0.14,-0.03,1514
"1515",NA,0.2,0.23,0.15,-1.19,-0.01,-0.24,-0.23,-0.11,1515
"1516",NA,0.21,0.21,0.05,-1.21,-0.06,-0.28,-0.3,-0.18,1516
"1517",NA,0.21,0.18,-0.04,-1.25,-0.12,-0.33,-0.33,-0.25,1517
"1518",NA,0.2,0.16,-0.13,-1.33,-0.19,-0.37,-0.33,-0.31,1518
"1519",NA,0.18,0.14,-0.21,-1.43,-0.27,-0.42,-0.29,-0.34,1519
"1520",NA,0.16,0.14,-0.28,-1.54,-0.36,-0.48,-0.22,-0.36,1520
"1521",NA,0.14,0.14,-0.32,-1.64,-0.46,-0.53,-0.14,-0.36,1521
"1522",NA,0.12,0.15,-0.34,-1.7,-0.56,-0.58,-0.04,-0.34,1522
"1523",NA,0.11,0.17,-0.33,-1.71,-0.67,-0.64,0.06,-0.3,1523
"1524",NA,0.11,0.21,-0.29,-1.65,-0.77,-0.69,0.15,-0.24,1524
"1525",NA,0.12,0.27,-0.21,-1.5,-0.88,-0.75,0.24,-0.16,1525
"1526",NA,0.15,0.33,-0.1,-1.29,-0.97,-0.8,0.31,-0.07,1526
"1527",NA,0.18,0.39,0.03,-1.03,-1.05,-0.85,0.38,0.03,1527
"1528",NA,0.21,0.45,0.16,-0.75,-1.09,-0.9,0.44,0.12,1528
"1529",NA,0.25,0.5,0.28,-0.48,-1.1,-0.94,0.49,0.21,1529
"1530",NA,0.28,0.52,0.38,-0.23,-1.07,-0.98,0.55,0.27,1530
"1531",NA,0.31,0.51,0.44,-0.03,-0.98,-1.02,0.6,0.31,1531
"1532",NA,0.32,0.47,0.47,0.1,-0.83,-1.05,0.66,0.32,1532
"1533",NA,0.33,0.4,0.46,0.17,-0.64,-1.08,0.72,0.29,1533
"1534",NA,0.32,0.31,0.41,0.19,-0.43,-1.1,0.77,0.26,1534
"1535",NA,0.28,0.21,0.34,0.18,-0.22,-1.12,0.82,0.21,1535
"1536",NA,0.23,0.11,0.25,0.15,-0.03,-1.14,0.86,0.17,1536
"1537",NA,0.15,0.03,0.15,0.12,0.13,-1.15,0.89,0.13,1537
"1538",NA,0.05,-0.04,0.03,0.1,0.22,-1.16,0.9,0.11,1538
"1539",NA,-0.09,-0.08,-0.08,0.11,0.24,-1.16,0.89,0.12,1539
"1540",NA,-0.24,-0.09,-0.19,0.13,0.2,-1.16,0.87,0.16,1540
"1541",NA,-0.39,-0.09,-0.29,0.16,0.12,-1.16,0.83,0.2,1541
"1542",NA,-0.54,-0.06,-0.35,0.2,0.02,-1.15,0.78,0.26,1542
"1543",NA,-0.65,-0.03,-0.39,0.25,-0.08,-1.14,0.72,0.33,1543
"1544",NA,-0.72,0.02,-0.38,0.29,-0.16,-1.12,0.66,0.39,1544
"1545",NA,-0.74,0.07,-0.32,0.32,-0.2,-1.1,0.58,0.45,1545
"1546",NA,-0.69,0.12,-0.21,0.33,-0.19,-1.08,0.51,0.5,1546
"1547",NA,-0.59,0.17,-0.05,0.34,-0.14,-1.06,0.43,0.53,1547
"1548",NA,-0.45,0.22,0.12,0.34,-0.05,-1.03,0.35,0.55,1548
"1549",NA,-0.29,0.27,0.31,0.32,0.04,-1.01,0.27,0.55,1549
"1550",NA,-0.12,0.3,0.47,0.31,0.14,-0.98,0.2,0.53,1550
"1551",NA,0.04,0.33,0.61,0.29,0.22,-0.95,0.13,0.49,1551
"1552",NA,0.17,0.34,0.69,0.26,0.27,-0.92,0.06,0.43,1552
"1553",NA,0.26,0.34,0.7,0.24,0.28,-0.89,0,0.35,1553
"1554",NA,0.31,0.33,0.65,0.23,0.26,-0.86,-0.05,0.25,1554
"1555",NA,0.34,0.32,0.56,0.22,0.22,-0.82,-0.09,0.14,1555
"1556",NA,0.34,0.3,0.43,0.21,0.17,-0.79,-0.11,0.04,1556
"1557",NA,0.33,0.29,0.27,0.22,0.12,-0.76,-0.11,-0.05,1557
"1558",NA,0.32,0.28,0.11,0.23,0.09,-0.73,-0.08,-0.12,1558
"1559",NA,0.31,0.27,-0.05,0.26,0.1,-0.7,-0.03,-0.15,1559
"1560",NA,0.3,0.29,-0.19,0.3,0.14,-0.67,0.06,-0.14,1560
"1561",NA,0.31,0.31,-0.31,0.34,0.21,-0.65,0.17,-0.11,1561
"1562",NA,0.32,0.33,-0.41,0.38,0.29,-0.62,0.29,-0.05,1562
"1563",NA,0.33,0.36,-0.47,0.4,0.37,-0.6,0.42,0.02,1563
"1564",NA,0.35,0.39,-0.49,0.41,0.43,-0.58,0.54,0.09,1564
"1565",NA,0.37,0.41,-0.46,0.38,0.46,-0.57,0.66,0.14,1565
"1566",NA,0.39,0.42,-0.39,0.31,0.43,-0.56,0.76,0.16,1566
"1567",NA,0.41,0.41,-0.25,0.2,0.35,-0.55,0.83,0.16,1567
"1568",NA,0.42,0.4,-0.08,0.05,0.22,-0.55,0.88,0.12,1568
"1569",NA,0.42,0.38,0.11,-0.13,0.05,-0.56,0.91,0.07,1569
"1570",NA,0.41,0.36,0.3,-0.31,-0.14,-0.56,0.92,0.01,1570
"1571",NA,0.38,0.34,0.47,-0.5,-0.33,-0.58,0.91,-0.05,1571
"1572",NA,0.33,0.32,0.6,-0.67,-0.5,-0.59,0.9,-0.1,1572
"1573",NA,0.25,0.3,0.67,-0.81,-0.66,-0.6,0.89,-0.13,1573
"1574",NA,0.15,0.3,0.67,-0.92,-0.77,-0.62,0.87,-0.14,1574
"1575",NA,0.03,0.3,0.61,-1,-0.85,-0.64,0.85,-0.12,1575
"1576",NA,-0.1,0.31,0.51,-1.05,-0.9,-0.66,0.82,-0.09,1576
"1577",NA,-0.24,0.32,0.39,-1.09,-0.92,-0.68,0.79,-0.04,1577
"1578",NA,-0.37,0.32,0.26,-1.11,-0.93,-0.7,0.76,0.02,1578
"1579",NA,-0.48,0.32,0.14,-1.13,-0.93,-0.72,0.72,0.08,1579
"1580",NA,-0.57,0.31,0.06,-1.15,-0.92,-0.73,0.67,0.15,1580
"1581",NA,-0.64,0.28,0.03,-1.18,-0.91,-0.75,0.61,0.2,1581
"1582",NA,-0.67,0.25,0.04,-1.21,-0.9,-0.77,0.55,0.26,1582
"1583",NA,-0.68,0.21,0.07,-1.24,-0.9,-0.78,0.48,0.3,1583
"1584",NA,-0.68,0.17,0.12,-1.26,-0.89,-0.8,0.41,0.34,1584
"1585",NA,-0.66,0.14,0.18,-1.27,-0.88,-0.81,0.34,0.37,1585
"1586",NA,-0.64,0.11,0.23,-1.26,-0.87,-0.82,0.27,0.39,1586
"1587",NA,-0.61,0.1,0.25,-1.22,-0.87,-0.83,0.19,0.4,1587
"1588",NA,-0.58,0.1,0.25,-1.15,-0.86,-0.84,0.12,0.4,1588
"1589",NA,-0.56,0.12,0.22,-1.07,-0.85,-0.85,0.05,0.39,1589
"1590",NA,-0.54,0.14,0.18,-0.98,-0.84,-0.86,-0.03,0.38,1590
"1591",NA,-0.52,0.16,0.12,-0.89,-0.83,-0.87,-0.12,0.36,1591
"1592",NA,-0.51,0.19,0.05,-0.81,-0.83,-0.88,-0.21,0.35,1592
"1593",NA,-0.49,0.21,-0.02,-0.76,-0.83,-0.88,-0.32,0.34,1593
"1594",NA,-0.48,0.22,-0.09,-0.75,-0.83,-0.89,-0.44,0.33,1594
"1595",NA,-0.47,0.22,-0.15,-0.78,-0.84,-0.89,-0.58,0.33,1595
"1596",NA,-0.46,0.21,-0.2,-0.84,-0.86,-0.89,-0.72,0.34,1596
"1597",NA,-0.46,0.19,-0.23,-0.9,-0.88,-0.89,-0.87,0.35,1597
"1598",NA,-0.45,0.17,-0.26,-0.96,-0.91,-0.88,-1,0.34,1598
"1599",NA,-0.45,0.16,-0.26,-0.97,-0.94,-0.88,-1.11,0.32,1599
"1600",NA,-0.45,0.15,-0.26,-0.94,-0.98,-0.87,-1.19,0.29,1600
"1601",NA,-0.45,0.15,-0.23,-0.82,-1.03,-0.87,-1.23,0.22,1601
"1602",NA,-0.45,0.17,-0.19,-0.63,-1.09,-0.86,-1.23,0.12,1602
"1603",NA,-0.45,0.2,-0.14,-0.37,-1.14,-0.85,-1.18,0,1603
"1604",NA,-0.44,0.24,-0.07,-0.08,-1.2,-0.85,-1.09,-0.13,1604
"1605",NA,-0.43,0.28,0.01,0.2,-1.25,-0.84,-0.98,-0.25,1605
"1606",NA,-0.41,0.32,0.11,0.45,-1.29,-0.83,-0.84,-0.36,1606
"1607",NA,-0.38,0.36,0.21,0.61,-1.32,-0.83,-0.69,-0.45,1607
"1608",NA,-0.34,0.4,0.32,0.67,-1.33,-0.83,-0.52,-0.5,1608
"1609",NA,-0.28,0.43,0.44,0.6,-1.32,-0.83,-0.36,-0.51,1609
"1610",NA,-0.21,0.45,0.55,0.42,-1.29,-0.83,-0.2,-0.47,1610
"1611",NA,-0.14,0.47,0.66,0.16,-1.25,-0.83,-0.05,-0.41,1611
"1612",NA,-0.07,0.48,0.74,-0.13,-1.2,-0.84,0.09,-0.34,1612
"1613",NA,-0.02,0.49,0.8,-0.43,-1.16,-0.84,0.22,-0.27,1613
"1614",NA,0.02,0.5,0.82,-0.7,-1.12,-0.85,0.32,-0.2,1614
"1615",NA,0.04,0.52,0.79,-0.91,-1.08,-0.86,0.39,-0.16,1615
"1616",NA,0.02,0.53,0.72,-1.03,-1.07,-0.87,0.44,-0.14,1616
"1617",NA,-0.02,0.54,0.61,-1.06,-1.06,-0.88,0.46,-0.15,1617
"1618",NA,-0.09,0.55,0.47,-1.01,-1.06,-0.9,0.46,-0.18,1618
"1619",NA,-0.16,0.54,0.32,-0.9,-1.07,-0.91,0.44,-0.22,1619
"1620",NA,-0.25,0.53,0.17,-0.74,-1.08,-0.93,0.4,-0.26,1620
"1621",NA,-0.34,0.49,0.05,-0.52,-1.08,-0.94,0.36,-0.3,1621
"1622",NA,-0.43,0.44,-0.05,-0.27,-1.08,-0.96,0.31,-0.32,1622
"1623",NA,-0.51,0.36,-0.11,0,-1.07,-0.98,0.27,-0.32,1623
"1624",NA,-0.58,0.26,-0.13,0.29,-1.05,-1,0.23,-0.3,1624
"1625",NA,-0.63,0.16,-0.13,0.58,-1.03,-1.01,0.19,-0.27,1625
"1626",NA,-0.68,0.06,-0.11,0.85,-0.99,-1.03,0.16,-0.23,1626
"1627",NA,-0.7,-0.04,-0.08,1.09,-0.94,-1.04,0.13,-0.17,1627
"1628",NA,-0.7,-0.11,-0.05,1.3,-0.88,-1.05,0.11,-0.12,1628
"1629",NA,-0.68,-0.15,-0.04,1.44,-0.8,-1.06,0.1,-0.06,1629
"1630",NA,-0.64,-0.16,-0.04,1.52,-0.72,-1.07,0.11,-0.01,1630
"1631",NA,-0.58,-0.13,-0.06,1.54,-0.63,-1.07,0.12,0.05,1631
"1632",NA,-0.51,-0.09,-0.1,1.49,-0.56,-1.06,0.14,0.1,1632
"1633",NA,-0.44,-0.02,-0.15,1.39,-0.5,-1.06,0.17,0.15,1633
"1634",NA,-0.38,0.05,-0.21,1.24,-0.47,-1.05,0.21,0.19,1634
"1635",NA,-0.33,0.12,-0.27,1.04,-0.47,-1.03,0.24,0.24,1635
"1636",NA,-0.3,0.18,-0.34,0.81,-0.53,-1.02,0.28,0.28,1636
"1637",NA,-0.3,0.24,-0.41,0.53,-0.63,-1,0.32,0.33,1637
"1638",NA,-0.33,0.28,-0.47,0.24,-0.78,-0.97,0.35,0.37,1638
"1639",NA,-0.37,0.31,-0.53,-0.04,-0.95,-0.94,0.39,0.39,1639
"1640",NA,-0.42,0.34,-0.57,-0.3,-1.13,-0.91,0.42,0.41,1640
"1641",NA,-0.48,0.36,-0.59,-0.51,-1.3,-0.88,0.45,0.41,1641
"1642",NA,-0.53,0.37,-0.58,-0.65,-1.45,-0.84,0.49,0.38,1642
"1643",NA,-0.58,0.39,-0.54,-0.71,-1.55,-0.81,0.52,0.33,1643
"1644",NA,-0.61,0.4,-0.47,-0.67,-1.6,-0.77,0.55,0.25,1644
"1645",NA,-0.63,0.42,-0.37,-0.55,-1.59,-0.73,0.58,0.16,1645
"1646",NA,-0.63,0.44,-0.25,-0.37,-1.54,-0.69,0.6,0.05,1646
"1647",NA,-0.63,0.46,-0.13,-0.17,-1.44,-0.65,0.63,-0.04,1647
"1648",NA,-0.62,0.47,-0.02,0.03,-1.32,-0.61,0.67,-0.12,1648
"1649",NA,-0.6,0.49,0.08,0.19,-1.17,-0.57,0.7,-0.16,1649
"1650",NA,-0.58,0.51,0.14,0.3,-1.01,-0.53,0.74,-0.16,1650
"1651",NA,-0.56,0.52,0.17,0.32,-0.83,-0.5,0.78,-0.11,1651
"1652",NA,-0.53,0.54,0.16,0.28,-0.66,-0.46,0.82,-0.02,1652
"1653",NA,-0.5,0.55,0.14,0.19,-0.49,-0.43,0.86,0.09,1653
"1654",NA,-0.46,0.55,0.11,0.07,-0.34,-0.4,0.9,0.22,1654
"1655",NA,-0.41,0.55,0.08,-0.06,-0.22,-0.37,0.93,0.33,1655
"1656",NA,-0.36,0.54,0.06,-0.18,-0.13,-0.34,0.96,0.42,1656
"1657",NA,-0.29,0.52,0.07,-0.27,-0.08,-0.32,0.98,0.48,1657
"1658",NA,-0.21,0.49,0.11,-0.32,-0.08,-0.29,0.98,0.48,1658
"1659",NA,-0.13,0.46,0.17,-0.33,-0.13,-0.27,0.98,0.44,1659
"1660",NA,-0.05,0.41,0.25,-0.31,-0.19,-0.25,0.97,0.37,1660
"1661",NA,0.02,0.36,0.33,-0.27,-0.27,-0.24,0.96,0.28,1661
"1662",NA,0.06,0.31,0.42,-0.21,-0.35,-0.22,0.94,0.17,1662
"1663",NA,0.07,0.26,0.49,-0.15,-0.4,-0.21,0.92,0.07,1663
"1664",NA,0.04,0.22,0.54,-0.1,-0.43,-0.19,0.89,-0.02,1664
"1665",NA,-0.03,0.18,0.56,-0.05,-0.41,-0.18,0.87,-0.09,1665
"1666",NA,-0.13,0.14,0.55,-0.03,-0.36,-0.17,0.85,-0.13,1666
"1667",NA,-0.26,0.12,0.52,-0.04,-0.3,-0.16,0.81,-0.17,1667
"1668",NA,-0.39,0.1,0.47,-0.07,-0.24,-0.16,0.76,-0.18,1668
"1669",NA,-0.52,0.09,0.39,-0.15,-0.2,-0.15,0.69,-0.19,1669
"1670",NA,-0.63,0.08,0.3,-0.28,-0.2,-0.15,0.6,-0.19,1670
"1671",NA,-0.71,0.09,0.19,-0.45,-0.25,-0.15,0.47,-0.18,1671
"1672",NA,-0.75,0.1,0.08,-0.68,-0.35,-0.15,0.31,-0.17,1672
"1673",NA,-0.75,0.12,-0.05,-0.94,-0.51,-0.15,0.13,-0.16,1673
"1674",NA,-0.73,0.15,-0.17,-1.19,-0.7,-0.16,-0.06,-0.15,1674
"1675",NA,-0.69,0.18,-0.28,-1.41,-0.91,-0.16,-0.24,-0.14,1675
"1676",NA,-0.64,0.22,-0.37,-1.55,-1.11,-0.17,-0.4,-0.14,1676
"1677",NA,-0.59,0.26,-0.44,-1.6,-1.29,-0.17,-0.53,-0.14,1677
"1678",NA,-0.56,0.3,-0.47,-1.51,-1.44,-0.17,-0.61,-0.14,1678
"1679",NA,-0.54,0.34,-0.46,-1.28,-1.53,-0.17,-0.63,-0.15,1679
"1680",NA,-0.54,0.37,-0.41,-0.92,-1.57,-0.17,-0.6,-0.16,1680
"1681",NA,-0.55,0.41,-0.35,-0.5,-1.57,-0.17,-0.52,-0.17,1681
"1682",NA,-0.56,0.43,-0.27,-0.05,-1.54,-0.17,-0.41,-0.18,1682
"1683",NA,-0.57,0.45,-0.19,0.37,-1.47,-0.17,-0.27,-0.2,1683
"1684",NA,-0.57,0.46,-0.11,0.72,-1.38,-0.17,-0.11,-0.2,1684
"1685",NA,-0.56,0.45,-0.05,0.94,-1.27,-0.16,0.05,-0.21,1685
"1686",NA,-0.53,0.43,-0.01,1.02,-1.15,-0.16,0.22,-0.21,1686
"1687",NA,-0.49,0.39,0,0.95,-1.03,-0.16,0.38,-0.2,1687
"1688",NA,-0.44,0.34,-0.01,0.78,-0.92,-0.16,0.53,-0.19,1688
"1689",NA,-0.38,0.27,-0.05,0.55,-0.83,-0.15,0.65,-0.19,1689
"1690",NA,-0.33,0.18,-0.1,0.27,-0.76,-0.15,0.75,-0.18,1690
"1691",NA,-0.28,0.08,-0.18,0,-0.74,-0.15,0.81,-0.19,1691
"1692",NA,-0.24,-0.04,-0.27,-0.25,-0.76,-0.15,0.83,-0.2,1692
"1693",NA,-0.21,-0.18,-0.38,-0.44,-0.83,-0.15,0.81,-0.22,1693
"1694",NA,-0.21,-0.33,-0.5,-0.58,-0.95,-0.14,0.74,-0.25,1694
"1695",NA,-0.22,-0.47,-0.61,-0.66,-1.08,-0.14,0.64,-0.27,1695
"1696",NA,-0.26,-0.59,-0.72,-0.69,-1.22,-0.14,0.52,-0.29,1696
"1697",NA,-0.31,-0.69,-0.8,-0.69,-1.35,-0.13,0.39,-0.28,1697
"1698",NA,-0.4,-0.75,-0.86,-0.64,-1.44,-0.13,0.26,-0.26,1698
"1699",NA,-0.51,-0.77,-0.88,-0.57,-1.49,-0.12,0.14,-0.2,1699
"1700",NA,-0.64,-0.73,-0.85,-0.48,-1.47,-0.11,0.03,-0.1,1700
"1701",NA,-0.8,-0.64,-0.79,-0.37,-1.41,-0.1,-0.06,0.03,1701
"1702",NA,-0.95,-0.51,-0.69,-0.27,-1.3,-0.09,-0.13,0.17,1702
"1703",NA,-1.1,-0.37,-0.57,-0.19,-1.17,-0.08,-0.18,0.31,1703
"1704",NA,-1.22,-0.21,-0.43,-0.15,-1.03,-0.07,-0.22,0.45,1704
"1705",NA,-1.3,-0.05,-0.27,-0.17,-0.9,-0.05,-0.25,0.58,1705
"1706",NA,-1.33,0.09,-0.12,-0.25,-0.78,-0.04,-0.25,0.67,1706
"1707",NA,-1.31,0.21,0.03,-0.41,-0.7,-0.03,-0.24,0.72,1707
"1708",NA,-1.23,0.3,0.17,-0.63,-0.65,-0.02,-0.22,0.74,1708
"1709",NA,-1.11,0.39,0.29,-0.87,-0.62,-0.02,-0.18,0.73,1709
"1710",NA,-0.96,0.46,0.37,-1.11,-0.62,-0.01,-0.14,0.7,1710
"1711",NA,-0.79,0.52,0.42,-1.33,-0.64,0,-0.09,0.64,1711
"1712",NA,-0.61,0.58,0.41,-1.48,-0.67,0,-0.03,0.57,1712
"1713",NA,-0.43,0.65,0.33,-1.55,-0.72,0,0.02,0.49,1713
"1714",NA,-0.27,0.72,0.2,-1.52,-0.77,0,0.08,0.4,1714
"1715",NA,-0.12,0.79,0.02,-1.39,-0.82,0,0.13,0.32,1715
"1716",NA,0.02,0.86,-0.17,-1.2,-0.87,0,0.18,0.23,1716
"1717",NA,0.14,0.91,-0.35,-0.97,-0.92,0,0.21,0.15,1717
"1718",NA,0.25,0.95,-0.48,-0.72,-0.96,0,0.21,0.07,1718
"1719",NA,0.35,0.95,-0.55,-0.48,-0.99,-0.01,0.2,0.01,1719
"1720",NA,0.43,0.93,-0.51,-0.27,-1,-0.02,0.15,-0.04,1720
"1721",NA,0.5,0.87,-0.35,-0.12,-0.99,-0.03,0.07,-0.07,1721
"1722",NA,0.55,0.77,-0.1,-0.02,-0.97,-0.04,-0.03,-0.09,1722
"1723",NA,0.58,0.66,0.21,0.03,-0.93,-0.05,-0.14,-0.1,1723
"1724",NA,0.6,0.54,0.52,0.02,-0.89,-0.06,-0.24,-0.1,1724
"1725",NA,0.6,0.41,0.82,-0.03,-0.85,-0.07,-0.33,-0.1,1725
"1726",NA,0.58,0.3,1.06,-0.12,-0.82,-0.09,-0.4,-0.11,1726
"1727",NA,0.54,0.2,1.2,-0.26,-0.79,-0.1,-0.42,-0.12,1727
"1728",NA,0.47,0.13,1.22,-0.43,-0.79,-0.1,-0.39,-0.15,1728
"1729",NA,0.4,0.08,1.13,-0.62,-0.8,-0.11,-0.33,-0.18,1729
"1730",NA,0.31,0.05,0.96,-0.82,-0.81,-0.11,-0.23,-0.21,1730
"1731",NA,0.23,0.04,0.75,-1.01,-0.84,-0.12,-0.12,-0.23,1731
"1732",NA,0.17,0.04,0.52,-1.18,-0.87,-0.11,-0.01,-0.23,1732
"1733",NA,0.12,0.04,0.3,-1.3,-0.89,-0.11,0.09,-0.21,1733
"1734",NA,0.09,0.05,0.13,-1.37,-0.92,-0.1,0.18,-0.15,1734
"1735",NA,0.1,0.05,0.01,-1.37,-0.93,-0.09,0.23,-0.07,1735
"1736",NA,0.14,0.05,-0.04,-1.32,-0.94,-0.07,0.26,0.05,1736
"1737",NA,0.19,0.05,-0.05,-1.22,-0.94,-0.05,0.26,0.18,1737
"1738",NA,0.26,0.05,-0.03,-1.1,-0.94,-0.03,0.24,0.31,1738
"1739",NA,0.33,0.06,0.01,-0.97,-0.93,-0.01,0.21,0.43,1739
"1740",NA,0.38,0.06,0.05,-0.86,-0.92,0.01,0.18,0.53,1740
"1741",NA,0.43,0.07,0.08,-0.77,-0.9,0.03,0.14,0.59,1741
"1742",NA,0.45,0.09,0.09,-0.71,-0.88,0.05,0.1,0.62,1742
"1743",NA,0.44,0.11,0.08,-0.69,-0.86,0.07,0.07,0.6,1743
"1744",NA,0.42,0.14,0.05,-0.69,-0.84,0.09,0.05,0.56,1744
"1745",NA,0.38,0.18,0.01,-0.69,-0.81,0.11,0.04,0.49,1745
"1746",NA,0.33,0.22,-0.05,-0.69,-0.77,0.12,0.05,0.41,1746
"1747",NA,0.26,0.26,-0.11,-0.67,-0.74,0.14,0.07,0.33,1747
"1748",NA,0.19,0.32,-0.18,-0.63,-0.69,0.15,0.12,0.24,1748
"1749",NA,0.11,0.38,-0.25,-0.55,-0.64,0.16,0.19,0.16,1749
"1750",NA,0.02,0.44,-0.32,-0.45,-0.59,0.17,0.28,0.09,1750
"1751",NA,-0.06,0.5,-0.38,-0.34,-0.52,0.18,0.38,0.03,1751
"1752",NA,-0.12,0.55,-0.43,-0.24,-0.44,0.18,0.48,-0.03,1752
"1753",NA,-0.17,0.59,-0.47,-0.16,-0.35,0.18,0.58,-0.09,1753
"1754",NA,-0.2,0.61,-0.48,-0.13,-0.23,0.18,0.67,-0.14,1754
"1755",NA,-0.2,0.62,-0.47,-0.16,-0.1,0.18,0.73,-0.19,1755
"1756",NA,-0.17,0.6,-0.43,-0.26,0.04,0.18,0.76,-0.24,1756
"1757",NA,-0.11,0.56,-0.37,-0.41,0.2,0.17,0.78,-0.28,1757
"1758",NA,-0.04,0.51,-0.29,-0.58,0.35,0.16,0.79,-0.32,1758
"1759",NA,0.04,0.46,-0.2,-0.73,0.49,0.15,0.79,-0.34,1759
"1760",NA,0.11,0.42,-0.1,-0.85,0.6,0.13,0.79,-0.35,1760
"1761",NA,0.16,0.39,0,-0.89,0.66,0.12,0.81,-0.33,1761
"1762",NA,0.19,0.39,0.09,-0.84,0.67,0.1,0.85,-0.29,1762
"1763",NA,0.18,0.41,0.17,-0.68,0.61,0.08,0.92,-0.21,1763
"1764",NA,0.14,0.45,0.23,-0.43,0.5,0.06,1,-0.12,1764
"1765",NA,0.09,0.51,0.28,-0.13,0.37,0.03,1.1,-0.01,1765
"1766",NA,0.03,0.57,0.31,0.17,0.21,0.01,1.2,0.1,1766
"1767",NA,-0.03,0.64,0.32,0.44,0.06,-0.01,1.29,0.21,1767
"1768",NA,-0.07,0.71,0.32,0.63,-0.07,-0.03,1.37,0.31,1768
"1769",NA,-0.1,0.77,0.3,0.7,-0.16,-0.05,1.43,0.38,1769
"1770",NA,-0.09,0.8,0.26,0.62,-0.2,-0.07,1.45,0.42,1770
"1771",NA,-0.06,0.82,0.2,0.43,-0.19,-0.09,1.45,0.43,1771
"1772",NA,-0.02,0.81,0.14,0.16,-0.16,-0.11,1.43,0.43,1772
"1773",NA,0.04,0.78,0.07,-0.15,-0.1,-0.12,1.41,0.4,1773
"1774",NA,0.11,0.72,0.01,-0.45,-0.03,-0.13,1.39,0.35,1774
"1775",NA,0.17,0.62,-0.05,-0.71,0.03,-0.14,1.38,0.3,1775
"1776",NA,0.23,0.49,-0.09,-0.88,0.09,-0.14,1.39,0.24,1776
"1777",NA,0.28,0.32,-0.11,-0.94,0.11,-0.14,1.42,0.17,1777
"1778",NA,0.31,0.13,-0.12,-0.91,0.12,-0.14,1.48,0.11,1778
"1779",NA,0.34,-0.07,-0.11,-0.8,0.11,-0.13,1.53,0.05,1779
"1780",NA,0.37,-0.27,-0.08,-0.65,0.08,-0.12,1.58,-0.01,1780
"1781",NA,0.39,-0.45,-0.03,-0.49,0.04,-0.11,1.61,-0.06,1781
"1782",NA,0.41,-0.6,0.03,-0.34,0,-0.09,1.6,-0.09,1782
"1783",NA,0.43,-0.7,0.11,-0.23,-0.05,-0.07,1.55,-0.11,1783
"1784",NA,0.46,-0.75,0.2,-0.19,-0.1,-0.05,1.45,-0.12,1784
"1785",NA,0.49,-0.74,0.29,-0.2,-0.15,-0.02,1.29,-0.11,1785
"1786",NA,0.53,-0.69,0.39,-0.26,-0.19,0,1.1,-0.09,1786
"1787",NA,0.56,-0.62,0.46,-0.34,-0.22,0.02,0.89,-0.07,1787
"1788",NA,0.6,-0.52,0.51,-0.43,-0.25,0.04,0.66,-0.05,1788
"1789",NA,0.63,-0.41,0.52,-0.51,-0.27,0.06,0.43,-0.04,1789
"1790",NA,0.65,-0.3,0.49,-0.58,-0.27,0.08,0.21,-0.03,1790
"1791",NA,0.67,-0.21,0.41,-0.62,-0.26,0.09,0.01,-0.05,1791
"1792",NA,0.68,-0.12,0.28,-0.63,-0.24,0.1,-0.17,-0.07,1792
"1793",NA,0.69,-0.05,0.13,-0.61,-0.21,0.11,-0.33,-0.09,1793
"1794",NA,0.7,0.01,-0.02,-0.58,-0.18,0.11,-0.46,-0.12,1794
"1795",NA,0.71,0.06,-0.15,-0.54,-0.15,0.1,-0.57,-0.13,1795
"1796",NA,0.72,0.09,-0.26,-0.5,-0.13,0.1,-0.66,-0.12,1796
"1797",NA,0.75,0.1,-0.32,-0.46,-0.11,0.08,-0.72,-0.1,1797
"1798",NA,0.78,0.09,-0.32,-0.43,-0.1,0.07,-0.76,-0.04,1798
"1799",NA,0.82,0.06,-0.28,-0.4,-0.11,0.05,-0.78,0.03,1799
"1800",NA,0.85,0.02,-0.19,-0.37,-0.13,0.02,-0.77,0.12,1800
"1801",NA,0.86,-0.04,-0.09,-0.33,-0.17,0,-0.74,0.22,1801
"1802",NA,0.86,-0.11,0.02,-0.27,-0.22,-0.03,-0.7,0.32,1802
"1803",NA,0.82,-0.19,0.11,-0.19,-0.3,-0.07,-0.64,0.41,1803
"1804",NA,0.75,-0.28,0.18,-0.08,-0.39,-0.11,-0.57,0.48,1804
"1805",NA,0.64,-0.39,0.21,0.07,-0.51,-0.15,-0.48,0.54,1805
"1806",NA,0.49,-0.49,0.21,0.23,-0.65,-0.2,-0.39,0.57,1806
"1807",NA,0.32,-0.6,0.18,0.4,-0.79,-0.24,-0.31,0.59,1807
"1808",NA,0.13,-0.7,0.13,0.56,-0.95,-0.29,-0.24,0.6,1808
"1809",NA,-0.07,-0.79,0.06,0.7,-1.11,-0.34,-0.2,0.59,1809
"1810",NA,-0.27,-0.86,-0.02,0.79,-1.26,-0.38,-0.19,0.58,1810
"1811",NA,-0.46,-0.91,-0.11,0.84,-1.4,-0.42,-0.22,0.55,1811
"1812",NA,-0.64,-0.93,-0.19,0.81,-1.53,-0.46,-0.31,0.53,1812
"1813",NA,-0.79,-0.94,-0.27,0.73,-1.64,-0.49,-0.42,0.5,1813
"1814",NA,-0.92,-0.92,-0.34,0.6,-1.73,-0.52,-0.56,0.47,1814
"1815",NA,-1.02,-0.89,-0.38,0.44,-1.77,-0.55,-0.71,0.45,1815
"1816",NA,-1.09,-0.85,-0.4,0.26,-1.78,-0.56,-0.84,0.43,1816
"1817",NA,-1.14,-0.81,-0.4,0.07,-1.74,-0.57,-0.95,0.42,1817
"1818",NA,-1.15,-0.76,-0.35,-0.11,-1.65,-0.58,-1.02,0.42,1818
"1819",NA,-1.13,-0.71,-0.27,-0.27,-1.49,-0.58,-1.03,0.43,1819
"1820",NA,-1.08,-0.66,-0.17,-0.42,-1.3,-0.57,-0.99,0.45,1820
"1821",NA,-1.01,-0.62,-0.05,-0.54,-1.07,-0.55,-0.92,0.47,1821
"1822",NA,-0.92,-0.58,0.07,-0.65,-0.83,-0.54,-0.81,0.48,1822
"1823",NA,-0.83,-0.56,0.17,-0.74,-0.6,-0.52,-0.68,0.49,1823
"1824",NA,-0.73,-0.55,0.24,-0.82,-0.39,-0.5,-0.53,0.49,1824
"1825",NA,-0.64,-0.55,0.27,-0.87,-0.22,-0.48,-0.38,0.48,1825
"1826",NA,-0.55,-0.57,0.24,-0.91,-0.1,-0.46,-0.24,0.44,1826
"1827",NA,-0.48,-0.6,0.17,-0.92,-0.03,-0.44,-0.11,0.39,1827
"1828",NA,-0.43,-0.64,0.07,-0.91,-0.01,-0.42,0,0.33,1828
"1829",NA,-0.4,-0.68,-0.04,-0.87,-0.04,-0.4,0.06,0.25,1829
"1830",NA,-0.41,-0.73,-0.15,-0.81,-0.11,-0.38,0.08,0.18,1830
"1831",NA,-0.45,-0.76,-0.25,-0.71,-0.23,-0.36,0.03,0.1,1831
"1832",NA,-0.52,-0.79,-0.32,-0.58,-0.38,-0.33,-0.09,0.02,1832
"1833",NA,-0.64,-0.8,-0.35,-0.41,-0.57,-0.31,-0.29,-0.05,1833
"1834",NA,-0.79,-0.8,-0.34,-0.22,-0.78,-0.28,-0.54,-0.11,1834
"1835",NA,-0.96,-0.79,-0.31,-0.03,-0.98,-0.26,-0.82,-0.17,1835
"1836",NA,-1.13,-0.76,-0.26,0.14,-1.17,-0.23,-1.1,-0.21,1836
"1837",NA,-1.3,-0.72,-0.2,0.28,-1.32,-0.2,-1.34,-0.25,1837
"1838",NA,-1.45,-0.66,-0.13,0.36,-1.41,-0.17,-1.53,-0.27,1838
"1839",NA,-1.56,-0.59,-0.08,0.37,-1.43,-0.15,-1.63,-0.28,1839
"1840",NA,-1.63,-0.51,-0.03,0.3,-1.36,-0.12,-1.62,-0.28,1840
"1841",NA,-1.67,-0.41,0,0.16,-1.22,-0.1,-1.52,-0.27,1841
"1842",NA,-1.66,-0.32,0.02,-0.01,-1.02,-0.07,-1.36,-0.25,1842
"1843",NA,-1.63,-0.22,0.04,-0.18,-0.8,-0.05,-1.17,-0.23,1843
"1844",NA,-1.57,-0.14,0.07,-0.33,-0.57,-0.03,-0.99,-0.22,1844
"1845",NA,-1.49,-0.07,0.1,-0.43,-0.35,-0.02,-0.84,-0.22,1845
"1846",NA,-1.39,-0.02,0.14,-0.46,-0.16,-0.01,-0.75,-0.22,1846
"1847",NA,-1.28,0.01,0.2,-0.38,-0.02,0,-0.74,-0.25,1847
"1848",NA,-1.17,0.02,0.26,-0.22,0.07,0,-0.81,-0.28,1848
"1849",NA,-1.06,0,0.32,-0.01,0.13,0.01,-0.92,-0.31,1849
"1850",NA,-0.95,-0.02,0.37,0.23,0.16,0,-1.05,-0.33,1850
"1851",NA,-0.86,-0.05,0.4,0.46,0.19,0,-1.19,-0.34,1851
"1852",NA,-0.79,-0.08,0.39,0.66,0.21,-0.01,-1.31,-0.32,1852
"1853",NA,-0.75,-0.11,0.34,0.8,0.24,-0.02,-1.38,-0.26,1853
"1854",NA,-0.74,-0.13,0.24,0.87,0.29,-0.03,-1.39,-0.17,1854
"1855",NA,-0.75,-0.14,0.1,0.86,0.35,-0.04,-1.35,-0.04,1855
"1856",-0.37,-0.78,-0.15,-0.06,0.8,0.41,-0.05,-1.27,0.1,1856
"1857",-0.35,-0.81,-0.15,-0.24,0.7,0.46,-0.06,-1.18,0.25,1857
"1858",-0.33,-0.84,-0.15,-0.41,0.58,0.49,-0.08,-1.07,0.4,1858
"1859",-0.09,-0.85,-0.15,-0.57,0.44,0.49,-0.09,-0.98,0.52,1859
"1860",-0.37,-0.84,-0.16,-0.7,0.32,0.45,-0.11,-0.9,0.61,1860
"1861",-0.26,-0.79,-0.16,-0.79,0.21,0.37,-0.13,-0.87,0.66,1861
"1862",-0.62,-0.72,-0.17,-0.84,0.13,0.24,-0.14,-0.87,0.68,1862
"1863",-0.13,-0.62,-0.19,-0.85,0.09,0.1,-0.16,-0.89,0.67,1863
"1864",-0.44,-0.52,-0.21,-0.81,0.09,-0.05,-0.17,-0.95,0.64,1864
"1865",-0.19,-0.41,-0.23,-0.74,0.13,-0.19,-0.19,-1.03,0.6,1865
"1866",-0.15,-0.3,-0.27,-0.63,0.24,-0.31,-0.21,-1.12,0.57,1866
"1867",-0.26,-0.21,-0.32,-0.47,0.4,-0.38,-0.22,-1.23,0.54,1867
"1868",-0.08,-0.14,-0.37,-0.29,0.63,-0.41,-0.24,-1.35,0.53,1868
"1869",-0.15,-0.08,-0.43,-0.08,0.9,-0.39,-0.26,-1.47,0.53,1869
"1870",-0.2,-0.05,-0.49,0.13,1.18,-0.34,-0.28,-1.58,0.54,1870
"1871",-0.33,-0.03,-0.55,0.33,1.45,-0.27,-0.3,-1.68,0.55,1871
"1872",-0.2,-0.04,-0.61,0.5,1.68,-0.18,-0.32,-1.75,0.55,1872
"1873",-0.28,-0.06,-0.65,0.63,1.84,-0.08,-0.34,-1.78,0.54,1873
"1874",-0.25,-0.1,-0.68,0.68,1.9,0.01,-0.36,-1.78,0.51,1874
"1875",-0.5,-0.15,-0.69,0.67,1.84,0.08,-0.39,-1.73,0.46,1875
"1876",-0.36,-0.22,-0.69,0.59,1.68,0.13,-0.41,-1.63,0.4,1876
"1877",-0.14,-0.29,-0.67,0.46,1.45,0.17,-0.43,-1.51,0.33,1877
"1878",0.13,-0.36,-0.63,0.31,1.16,0.18,-0.45,-1.37,0.26,1878
"1879",-0.24,-0.42,-0.58,0.14,0.84,0.16,-0.47,-1.22,0.19,1879
"1880",-0.27,-0.46,-0.51,-0.02,0.52,0.11,-0.49,-1.07,0.15,1880
"1881",-0.25,-0.47,-0.43,-0.16,0.22,0.04,-0.5,-0.93,0.13,1881
"1882",-0.24,-0.45,-0.34,-0.26,-0.04,-0.07,-0.51,-0.82,0.14,1882
"1883",-0.35,-0.41,-0.25,-0.32,-0.25,-0.2,-0.51,-0.72,0.17,1883
"1884",-0.4,-0.35,-0.15,-0.35,-0.42,-0.33,-0.51,-0.64,0.21,1884
"1885",-0.36,-0.28,-0.06,-0.35,-0.53,-0.45,-0.51,-0.57,0.26,1885
"1886",-0.25,-0.21,0.02,-0.32,-0.6,-0.53,-0.5,-0.5,0.31,1886
"1887",-0.27,-0.15,0.08,-0.26,-0.61,-0.57,-0.48,-0.44,0.33,1887
"1888",-0.27,-0.11,0.11,-0.19,-0.57,-0.54,-0.46,-0.38,0.34,1888
"1889",-0.14,-0.09,0.12,-0.11,-0.47,-0.44,-0.43,-0.31,0.3,1889
"1890",-0.37,-0.08,0.11,-0.01,-0.33,-0.28,-0.4,-0.24,0.24,1890
"1891",-0.32,-0.08,0.08,0.08,-0.16,-0.08,-0.37,-0.16,0.16,1891
"1892",-0.42,-0.09,0.05,0.16,0.01,0.12,-0.33,-0.1,0.05,1892
"1893",-0.48,-0.09,0.01,0.22,0.18,0.3,-0.29,-0.04,-0.08,1893
"1894",-0.37,-0.08,-0.03,0.25,0.33,0.45,-0.25,0.01,-0.22,1894
"1895",-0.38,-0.05,-0.05,0.24,0.45,0.53,-0.2,0.04,-0.37,1895
"1896",-0.21,0.01,-0.06,0.18,0.51,0.54,-0.15,0.05,-0.52,1896
"1897",-0.2,0.08,-0.06,0.08,0.53,0.47,-0.1,0.04,-0.67,1897
"1898",-0.27,0.18,-0.04,-0.03,0.51,0.36,-0.06,0.03,-0.82,1898
"1899",-0.17,0.28,-0.02,-0.16,0.47,0.21,-0.01,0.01,-0.96,1899
"1900",-0.15,0.39,0.01,-0.28,0.4,0.04,0.04,-0.02,-1.09,1900
"1901",-0.17,0.5,0.04,-0.38,0.32,-0.12,0.09,-0.04,-1.2,1901
"1902",-0.36,0.61,0.06,-0.46,0.23,-0.26,0.13,-0.06,-1.29,1902
"1903",-0.41,0.7,0.08,-0.49,0.14,-0.37,0.18,-0.07,-1.36,1903
"1904",-0.44,0.78,0.09,-0.49,0.05,-0.45,0.22,-0.06,-1.4,1904
"1905",-0.34,0.84,0.1,-0.46,-0.04,-0.5,0.26,-0.05,-1.41,1905
"1906",-0.21,0.88,0.1,-0.4,-0.12,-0.52,0.3,-0.01,-1.39,1906
"1907",-0.53,0.9,0.1,-0.34,-0.2,-0.52,0.34,0.04,-1.34,1907
"1908",-0.43,0.88,0.1,-0.27,-0.27,-0.5,0.37,0.1,-1.26,1908
"1909",-0.4,0.83,0.11,-0.2,-0.34,-0.46,0.4,0.19,-1.14,1909
"1910",-0.38,0.75,0.11,-0.14,-0.4,-0.41,0.43,0.3,-0.98,1910
"1911",-0.41,0.64,0.11,-0.09,-0.45,-0.34,0.46,0.43,-0.8,1911
"1912",-0.48,0.51,0.12,-0.07,-0.48,-0.25,0.49,0.56,-0.61,1912
"1913",-0.41,0.38,0.14,-0.06,-0.48,-0.14,0.51,0.69,-0.41,1913
"1914",-0.24,0.25,0.17,-0.09,-0.46,0.01,0.53,0.82,-0.23,1914
"1915",-0.12,0.14,0.2,-0.15,-0.41,0.18,0.55,0.92,-0.07,1915
"1916",-0.38,0.06,0.25,-0.25,-0.32,0.38,0.57,1.01,0.06,1916
"1917",-0.52,0,0.31,-0.38,-0.19,0.63,0.58,1.06,0.15,1917
"1918",-0.42,-0.01,0.38,-0.54,-0.04,0.89,0.6,1.08,0.2,1918
"1919",-0.36,0,0.45,-0.69,0.11,1.14,0.61,1.09,0.21,1919
"1920",-0.29,0.03,0.53,-0.82,0.25,1.37,0.62,1.08,0.19,1920
"1921",-0.14,0.09,0.61,-0.9,0.35,1.56,0.63,1.06,0.15,1921
"1922",-0.28,0.16,0.69,-0.91,0.4,1.68,0.64,1.03,0.09,1922
"1923",-0.26,0.25,0.76,-0.83,0.38,1.7,0.65,1.01,0.01,1923
"1924",-0.28,0.35,0.82,-0.65,0.26,1.63,0.65,1,-0.08,1924
"1925",-0.15,0.46,0.87,-0.38,0.08,1.48,0.65,1,-0.17,1925
"1926",-0.03,0.57,0.92,-0.06,-0.13,1.28,0.66,1,-0.26,1926
"1927",-0.15,0.69,0.95,0.27,-0.36,1.06,0.66,1.02,-0.33,1927
"1928",-0.16,0.81,0.97,0.6,-0.56,0.85,0.66,1.05,-0.38,1928
"1929",-0.36,0.93,0.98,0.87,-0.72,0.68,0.66,1.09,-0.4,1929
"1930",-0.05,1.04,0.97,1.08,-0.79,0.58,0.66,1.15,-0.39,1930
"1931",-0.01,1.15,0.95,1.18,-0.77,0.57,0.67,1.22,-0.34,1931
"1932",-0.06,1.26,0.93,1.19,-0.66,0.65,0.67,1.3,-0.25,1932
"1933",-0.24,1.35,0.89,1.14,-0.5,0.78,0.67,1.38,-0.15,1933
"1934",-0.07,1.42,0.85,1.04,-0.3,0.95,0.68,1.43,-0.04,1934
"1935",-0.12,1.48,0.81,0.92,-0.09,1.14,0.68,1.46,0.07,1935
"1936",-0.06,1.52,0.77,0.8,0.11,1.32,0.69,1.45,0.16,1936
"1937",0.06,1.53,0.74,0.69,0.27,1.47,0.69,1.4,0.22,1937
"1938",0.17,1.51,0.71,0.62,0.37,1.58,0.7,1.29,0.23,1938
"1939",0.05,1.47,0.7,0.58,0.42,1.65,0.7,1.14,0.22,1939
"1940",-0.09,1.41,0.69,0.56,0.42,1.68,0.71,0.97,0.17,1940
"1941",0,1.33,0.69,0.55,0.39,1.69,0.71,0.81,0.11,1941
"1942",0.02,1.25,0.69,0.55,0.33,1.67,0.71,0.66,0.03,1942
"1943",0.08,1.16,0.71,0.54,0.25,1.63,0.72,0.56,-0.05,1943
"1944",0.22,1.07,0.74,0.51,0.17,1.58,0.72,0.51,-0.13,1944
"1945",0.04,0.98,0.77,0.47,0.08,1.52,0.72,0.54,-0.2,1945
"1946",0,0.9,0.81,0.4,0,1.46,0.73,0.64,-0.26,1946
"1947",-0.02,0.83,0.85,0.32,-0.06,1.4,0.73,0.77,-0.31,1947
"1948",0.03,0.77,0.88,0.24,-0.1,1.35,0.73,0.94,-0.35,1948
"1949",0,0.72,0.91,0.15,-0.11,1.3,0.73,1.12,-0.37,1949
"1950",-0.17,0.69,0.93,0.07,-0.09,1.27,0.73,1.28,-0.38,1950
"1951",0.01,0.68,0.93,0,-0.01,1.25,0.73,1.43,-0.38,1951
"1952",0.03,0.69,0.91,-0.05,0.11,1.26,0.72,1.54,-0.36,1952
"1953",0.17,0.71,0.87,-0.08,0.26,1.27,0.72,1.61,-0.33,1953
"1954",-0.07,0.75,0.82,-0.09,0.43,1.3,0.71,1.65,-0.3,1954
"1955",-0.06,0.81,0.76,-0.09,0.58,1.33,0.7,1.67,-0.25,1955
"1956",-0.25,0.87,0.69,-0.06,0.69,1.36,0.69,1.67,-0.21,1956
"1957",0.01,0.94,0.63,-0.01,0.75,1.39,0.67,1.67,-0.16,1957
"1958",0.14,1.01,0.56,0.06,0.72,1.41,0.65,1.66,-0.11,1958
"1959",0.05,1.08,0.51,0.16,0.6,1.42,0.63,1.65,-0.06,1959
"1960",0.04,1.16,0.45,0.26,0.41,1.41,0.61,1.64,-0.01,1960
"1961",0.03,1.23,0.41,0.37,0.16,1.38,0.58,1.63,0.04,1961
"1962",0.09,1.3,0.38,0.47,-0.1,1.34,0.55,1.61,0.09,1962
"1963",0.14,1.37,0.36,0.56,-0.35,1.27,0.52,1.58,0.15,1963
"1964",-0.2,1.44,0.36,0.63,-0.57,1.19,0.49,1.54,0.23,1964
"1965",-0.16,1.51,0.37,0.65,-0.73,1.07,0.46,1.48,0.31,1965
"1966",-0.01,1.57,0.39,0.64,-0.8,0.94,0.43,1.39,0.41,1966
"1967",0.01,1.63,0.43,0.59,-0.8,0.79,0.4,1.3,0.51,1967
"1968",-0.04,1.7,0.48,0.51,-0.74,0.63,0.37,1.2,0.62,1968
"1969",-0.02,1.75,0.54,0.42,-0.63,0.48,0.35,1.1,0.72,1969
"1970",-0.05,1.81,0.59,0.32,-0.49,0.35,0.33,1.02,0.82,1970
"1971",-0.18,1.87,0.64,0.22,-0.33,0.24,0.31,0.95,0.9,1971
"1972",-0.2,1.92,0.69,0.14,-0.16,0.17,0.3,0.91,0.96,1972
"1973",0.05,1.97,0.73,0.07,-0.01,0.15,0.3,0.91,0.99,1973
"1974",-0.23,2.01,0.76,0.03,0.13,0.17,0.29,0.93,1,1974
"1975",-0.11,2.04,0.77,0,0.25,0.23,0.3,0.98,1,1975
"1976",-0.27,2.07,0.78,0,0.34,0.32,0.3,1.04,0.99,1976
"1977",0.04,2.07,0.79,0.01,0.41,0.43,0.31,1.11,0.98,1977
"1978",-0.04,2.05,0.78,0.05,0.44,0.57,0.33,1.18,0.98,1978
"1979",0.05,2.02,0.77,0.11,0.43,0.72,0.34,1.25,0.99,1979
"1980",0.09,1.95,0.74,0.19,0.37,0.87,0.36,1.31,1.02,1980
"1981",0.24,1.87,0.72,0.29,0.29,1.03,0.38,1.35,1.06,1981
"1982",-0.01,1.77,0.69,0.38,0.17,1.18,0.4,1.38,1.11,1982
"1983",0.2,1.66,0.66,0.46,0.02,1.32,0.43,1.41,1.15,1983
"1984",-0.04,1.54,0.62,0.53,-0.14,1.44,0.45,1.42,1.19,1984
"1985",-0.09,1.43,0.59,0.56,-0.31,1.54,0.47,1.42,1.21,1985
"1986",0.08,1.33,0.56,0.56,-0.48,1.6,0.5,1.41,1.2,1986
"1987",0.22,1.24,0.54,0.51,-0.65,1.63,0.51,1.39,1.16,1987
"1988",0.27,1.16,0.52,0.42,-0.8,1.62,0.53,1.37,1.1,1988
"1989",0.19,1.1,0.5,0.31,-0.94,1.58,0.55,1.34,1.02,1989
"1990",0.42,1.04,0.48,0.18,-1.04,1.51,0.56,1.31,0.93,1990
"1991",0.31,0.99,0.46,0.06,-1.1,1.41,0.57,1.29,0.84,1991
"1992",0.12,0.95,0.45,-0.06,-1.1,1.29,0.58,1.28,0.75,1992
"1993",0.19,0.91,0.43,-0.15,-1.05,1.15,0.59,1.28,0.67,1993
"1994",0.31,0.88,0.41,-0.2,-0.94,1,0.59,1.29,0.6,1994
"1995",0.49,0.85,0.39,-0.23,-0.76,0.85,0.6,1.31,0.55,1995
"1996",0.22,0.83,0.37,-0.24,-0.55,0.69,0.6,1.33,0.52,1996
"1997",0.48,0.82,0.35,-0.23,-0.32,0.56,0.6,1.33,0.5,1997
"1998",0.66,0.82,0.34,-0.21,-0.07,0.44,0.6,1.3,0.49,1998
"1999",0.46,0.84,0.32,-0.2,0.17,0.37,0.6,1.24,0.49,1999
"2000",0.4,0.88,0.31,-0.19,0.39,0.34,0.6,1.13,0.5,2000
